id,first_name,last_name,email,gender,age,salary,job_title
1,Hunfredo,Minnis,Hunfredo.Minnis@example.com,Male,55,44000.00,Graphic Designer
2,Lori,Dourin,Lori.Dourin@example.com,Female,20,84000.00,Programmer Analyst II
3,Davy,Mauchlen,Davy.Mauchlen@example.com,Male,37,39000.00,Compensation Analyst
4,Walsh,Capron,Walsh.Capron@example.com,Male,54,60000.00,Teacher
5,Katrinka,Kinnar,Katrinka.Kinnar@example.com,Female,20,56000.00,Media Manager IV
6,De,Cocksedge,De.Cocksedge@example.com,Female,24,101000.00,Staff Scientist
7,Linn,Marty,Linn.Marty@example.com,Male,44,120000.00,Operator
8,Larry,Kreuzer,Larry.Kreuzer@example.com,Male,70,80000.00,Social Worker
9,Lee,Ourtic,Lee.Ourtic@example.com,Male,63,120000.00,Tax Accountant
10,Marie-ann,Cargo,Marie-ann.Cargo@example.com,Female,68,54000.00,Human Resources Manager
11,Georgi,Loxley,Georgi.Loxley@example.com,Male,19,69000.00,Registered Nurse
12,Ichabod,Calf,Ichabod.Calf@example.com,Male,24,46000.00,Cost Accountant
13,Audry,Roget,Audry.Roget@example.com,Female,41,37000.00,Assistant Manager
14,Boyd,Martynka,Boyd.Martynka@example.com,Male,69,80000.00,Health Coach I
15,Becca,Eggleton,Becca.Eggleton@example.com,Female,22,71000.00,Clinical Specialist
16,Gardiner,Tampling,Gardiner.Tampling@example.com,Male,69,103000.00,Human Resources Assistant IV
17,Keefe,Conor,Keefe.Conor@example.com,Male,34,78000.00,Business Systems Development Analyst
18,Kimble,Fairleigh,Kimble.Fairleigh@example.com,Male,67,108000.00,Assistant Manager
19,Melodee,Baseley,Melodee.Baseley@example.com,Female,34,124000.00,Nuclear Power Engineer
20,Kati,Francesc,Kati.Francesc@example.com,Female,40,119000.00,Desktop Support Technician
21,Charlotta,Cubitt,Charlotta.Cubitt@example.com,Female,26,61000.00,Social Worker
22,Barry,Guilayn,Barry.Guilayn@example.com,Female,55,124000.00,Senior Developer
23,Phylys,Cranefield,Phylys.Cranefield@example.com,Female,70,112000.00,Information Systems Manager
24,Roddy,Tumbridge,Roddy.Tumbridge@example.com,Male,55,102000.00,Analyst Programmer
25,Lindsey,Wardhaugh,Lindsey.Wardhaugh@example.com,Female,42,68000.00,Legal Assistant
26,Pierre,Works,Pierre.Works@example.com,Male,50,92000.00,Human Resources Assistant IV
27,Delcina,Stanhope,Delcina.Stanhope@example.com,Female,66,58000.00,Marketing Manager
28,Corrie,Hilhouse,Corrie.Hilhouse@example.com,Male,74,98000.00,Geological Engineer
29,Giovanna,Edis,Giovanna.Edis@example.com,Female,38,56000.00,Account Coordinator
30,Tann,Kuzma,Tann.Kuzma@example.com,Male,53,57000.00,GIS Technical Architect
31,Cate,Wildber,Cate.Wildber@example.com,Female,22,48000.00,Accounting Assistant III
32,Hartwell,McArte,Hartwell.McArte@example.com,Male,54,122000.00,Computer Systems Analyst IV
33,Ameline,Linstead,Ameline.Linstead@example.com,Female,51,70000.00,Assistant Media Planner
34,Gerri,Muehle,Gerri.Muehle@example.com,Female,24,124000.00,Clinical Specialist
35,Micah,Parsons,Micah.Parsons@example.com,Male,69,124000.00,Research Associate
36,Ericha,Waldocke,Ericha.Waldocke@example.com,Female,52,50000.00,Marketing Assistant
37,Kelley,Blas,Kelley.Blas@example.com,Male,60,97000.00,Computer Systems Analyst IV
38,Dell,Jacquemot,Dell.Jacquemot@example.com,Male,42,85000.00,VP Product Management
39,Ulberto,Pfeifer,Ulberto.Pfeifer@example.com,Male,35,82000.00,Senior Financial Analyst
40,Jammie,McVicar,Jammie.McVicar@example.com,Female,42,49000.00,Physical Therapy Assistant
41,Tessy,Collick,Tessy.Collick@example.com,Female,73,102000.00,Systems Administrator II
42,Leora,Gillani,Leora.Gillani@example.com,Female,57,104000.00,Pharmacist
43,Emlyn,Tack,Emlyn.Tack@example.com,Female,19,92000.00,Legal Assistant
44,Joanna,Jemison,Joanna.Jemison@example.com,Female,19,56000.00,Graphic Designer
45,Grady,Beare,Grady.Beare@example.com,Male,49,50000.00,Human Resources Manager
46,Bron,Gourdon,Bron.Gourdon@example.com,Male,70,64000.00,Structural Engineer
47,Minna,Falcus,Minna.Falcus@example.com,Female,43,41000.00,Design Engineer
48,Enrico,Hebner,Enrico.Hebner@example.com,Male,32,40000.00,Sales Representative
49,Westbrook,Dove,Westbrook.Dove@example.com,Male,50,62000.00,Automation Specialist IV
50,Addison,Overy,Addison.Overy@example.com,Male,51,51000.00,Mechanical Systems Engineer
51,Joey,Josephsen,Joey.Josephsen@example.com,Female,41,60000.00,Occupational Therapist
52,Donny,Frostdyke,Donny.Frostdyke@example.com,Male,55,73000.00,Tax Accountant
53,Cecily,Skittle,Cecily.Skittle@example.com,Female,43,76000.00,Registered Nurse
54,Cad,Vooght,Cad.Vooght@example.com,Male,71,73000.00,Statistician III
55,Nefen,Bricket,Nefen.Bricket@example.com,Male,66,86000.00,Director of Sales
56,Laurianne,Hubbock,Laurianne.Hubbock@example.com,Female,28,111000.00,Database Administrator III
57,Elwyn,Winwood,Elwyn.Winwood@example.com,Male,42,122000.00,Accountant III
58,Frederico,Ephson,Frederico.Ephson@example.com,Male,49,69000.00,Internal Auditor
59,Biddie,Brome,Biddie.Brome@example.com,Female,66,60000.00,Geological Engineer
60,Simone,McCrystal,Simone.McCrystal@example.com,Female,48,80000.00,Administrative Officer
61,Brandie,Franceschino,Brandie.Franceschino@example.com,Female,54,53000.00,Research Assistant II
62,Anderson,Bunstone,Anderson.Bunstone@example.com,Male,44,120000.00,Nuclear Power Engineer
63,Baron,Bushell,Baron.Bushell@example.com,Male,30,104000.00,Environmental Specialist
64,Wilek,Kobus,Wilek.Kobus@example.com,Male,68,117000.00,Junior Executive
65,Humphrey,Pikett,Humphrey.Pikett@example.com,Male,41,88000.00,Analyst Programmer
66,Sally,Martinson,Sally.Martinson@example.com,Female,30,60000.00,Human Resources Assistant II
67,Kissiah,Placide,Kissiah.Placide@example.com,Female,32,84000.00,Web Designer II
68,Halli,Gamil,Halli.Gamil@example.com,Female,66,125000.00,Financial Advisor
69,Sherlock,Gooly,Sherlock.Gooly@example.com,Male,52,125000.00,Systems Administrator II
70,Borden,Jeanel,Borden.Jeanel@example.com,Male,53,108000.00,Nurse Practicioner
71,Levin,Grimwade,Levin.Grimwade@example.com,Male,64,121000.00,Physical Therapy Assistant
72,Ed,Peealess,Ed.Peealess@example.com,Male,23,59000.00,Executive Secretary
73,Kele,Hopfner,Kele.Hopfner@example.com,Male,43,81000.00,Human Resources Manager
74,Alfreda,Howarth,Alfreda.Howarth@example.com,Female,19,124000.00,Software Test Engineer II
75,Lynea,Kivell,Lynea.Kivell@example.com,Female,30,60000.00,Office Assistant III
76,Laughton,Marciek,Laughton.Marciek@example.com,Male,43,43000.00,Research Nurse
77,Errol,Leech,Errol.Leech@example.com,Male,33,93000.00,Budget/Accounting Analyst II
78,Tracie,Skones,Tracie.Skones@example.com,Female,73,45000.00,Accountant I
79,Lilian,Helis,Lilian.Helis@example.com,Female,71,52000.00,Media Manager II
80,Regen,Semrad,Regen.Semrad@example.com,Male,61,71000.00,Environmental Tech
81,Kippie,Gabbat,Kippie.Gabbat@example.com,Female,21,83000.00,Programmer Analyst III
82,Shem,Wilcher,Shem.Wilcher@example.com,Male,36,90000.00,Nurse
83,Glendon,Pennicard,Glendon.Pennicard@example.com,Male,19,95000.00,Research Assistant III
84,Albertine,Pauer,Albertine.Pauer@example.com,Female,35,104000.00,Executive Secretary
85,Clyde,Avery,Clyde.Avery@example.com,Male,50,115000.00,Human Resources Assistant II
86,Ellen,Polden,Ellen.Polden@example.com,Female,41,82000.00,Account Representative I
87,Cassaundra,Sclanders,Cassaundra.Sclanders@example.com,Female,75,108000.00,Registered Nurse
88,Simone,Zucker,Simone.Zucker@example.com,Male,73,55000.00,Sales Associate
89,Kain,Oxlade,Kain.Oxlade@example.com,Male,33,118000.00,Compensation Analyst
90,Margareta,Penton,Margareta.Penton@example.com,Female,42,110000.00,Chief Design Engineer
91,Wolfgang,Mugleston,Wolfgang.Mugleston@example.com,Male,50,109000.00,Payment Adjustment Coordinator
92,Teodoor,Meadus,Teodoor.Meadus@example.com,Male,40,111000.00,Administrative Assistant II
93,Waldo,Ambrosio,Waldo.Ambrosio@example.com,Male,67,123000.00,Information Systems Manager
94,Waldon,Windrass,Waldon.Windrass@example.com,Male,31,45000.00,Marketing Manager
95,Kimball,Oxburgh,Kimball.Oxburgh@example.com,Male,40,109000.00,Media Manager IV
96,Lynn,Maultby,Lynn.Maultby@example.com,Male,67,104000.00,Professor
97,Carling,MacCaughey,Carling.MacCaughey@example.com,Male,26,94000.00,Assistant Professor
98,Cly,Grinin,Cly.Grinin@example.com,Male,74,47000.00,Programmer Analyst IV
99,Farrell,Shakespear,Farrell.Shakespear@example.com,Male,21,74000.00,VP Marketing
100,Max,Mapowder,Max.Mapowder@example.com,Male,21,100000.00,Budget/Accounting Analyst IV
101,Stephine,Comiskey,Stephine.Comiskey@example.com,Female,60,96000.00,Civil Engineer
102,Drona,McCandless,Drona.McCandless@example.com,Female,19,54000.00,Registered Nurse
103,Holli,Hindsberg,Holli.Hindsberg@example.com,Female,37,77000.00,Electrical Engineer
104,Sawyer,Atwel,Sawyer.Atwel@example.com,Male,57,115000.00,Dental Hygienist
105,Doyle,Spavon,Doyle.Spavon@example.com,Male,54,99000.00,Civil Engineer
106,Kim,Kliemann,Kim.Kliemann@example.com,Male,64,70000.00,Software Engineer IV
107,Tessa,Mosdall,Tessa.Mosdall@example.com,Female,41,85000.00,Geological Engineer
108,Dorene,McKennan,Dorene.McKennan@example.com,Female,75,90000.00,Help Desk Technician
109,Brenden,Averay,Brenden.Averay@example.com,Male,54,111000.00,Editor
110,Evelin,Akehurst,Evelin.Akehurst@example.com,Male,21,53000.00,Environmental Specialist
111,Shea,Grigolon,Shea.Grigolon@example.com,Male,37,100000.00,Business Systems Development Analyst
112,Brose,Andreassen,Brose.Andreassen@example.com,Male,30,56000.00,Marketing Manager
113,Gallard,Gecke,Gallard.Gecke@example.com,Male,61,53000.00,Payment Adjustment Coordinator
114,Roscoe,Earry,Roscoe.Earry@example.com,Male,29,99000.00,Tax Accountant
115,Cassy,Chismon,Cassy.Chismon@example.com,Female,21,61000.00,Geological Engineer
116,Tildie,Blackhurst,Tildie.Blackhurst@example.com,Female,35,54000.00,Cost Accountant
117,Faber,Buff,Faber.Buff@example.com,Male,74,65000.00,Financial Analyst
118,Phylis,Biesterfeld,Phylis.Biesterfeld@example.com,Female,74,40000.00,Account Coordinator
119,Reta,Pinilla,Reta.Pinilla@example.com,Female,46,99000.00,Web Designer IV
120,Nadean,Ainger,Nadean.Ainger@example.com,Female,28,51000.00,Design Engineer
121,Fletch,Mollon,Fletch.Mollon@example.com,Male,61,41000.00,Data Coordiator
122,Mickey,Hillett,Mickey.Hillett@example.com,Male,48,44000.00,Staff Scientist
123,Pavlov,Jaggli,Pavlov.Jaggli@example.com,Male,47,106000.00,Assistant Media Planner
124,Ethelda,Synke,Ethelda.Synke@example.com,Female,27,40000.00,Research Nurse
125,Frasco,Heiden,Frasco.Heiden@example.com,Male,33,112000.00,Accountant IV
126,Ruthann,Annon,Ruthann.Annon@example.com,Female,47,56000.00,Safety Technician I
127,Ogden,Cracknall,Ogden.Cracknall@example.com,Male,68,39000.00,VP Sales
128,Earl,McDermott-Row,Earl.McDermott-Row@example.com,Male,33,54000.00,Chief Design Engineer
129,Dmitri,Finders,Dmitri.Finders@example.com,Male,45,119000.00,Assistant Media Planner
130,Norean,Agiolfinger,Norean.Agiolfinger@example.com,Female,63,90000.00,Payment Adjustment Coordinator
131,Molly,Parmeter,Molly.Parmeter@example.com,Female,53,69000.00,Sales Associate
132,Annie,Posner,Annie.Posner@example.com,Female,73,125000.00,Human Resources Manager
133,Auberta,Peyzer,Auberta.Peyzer@example.com,Female,67,101000.00,Associate Professor
134,Dennison,Gillam,Dennison.Gillam@example.com,Male,66,110000.00,Help Desk Technician
135,Loy,Beetham,Loy.Beetham@example.com,Male,27,64000.00,Web Designer II
136,Nance,Coughtrey,Nance.Coughtrey@example.com,Female,48,100000.00,Marketing Assistant
137,Glenda,Alfonso,Glenda.Alfonso@example.com,Female,29,71000.00,Assistant Professor
138,Royal,McGillicuddy,Royal.McGillicuddy@example.com,Male,59,78000.00,Developer IV
139,Javier,Dacke,Javier.Dacke@example.com,Male,41,85000.00,Senior Cost Accountant
140,Anastasia,Orpyne,Anastasia.Orpyne@example.com,Female,68,71000.00,Teacher
141,Erina,Maric,Erina.Maric@example.com,Female,45,114000.00,Mechanical Systems Engineer
142,Wright,Filipczynski,Wright.Filipczynski@example.com,Male,41,73000.00,Help Desk Operator
143,Hyacintha,Cordall,Hyacintha.Cordall@example.com,Female,30,87000.00,Occupational Therapist
144,Troy,Gabbotts,Troy.Gabbotts@example.com,Male,34,112000.00,Senior Quality Engineer
145,Javier,Godball,Javier.Godball@example.com,Male,38,81000.00,Database Administrator II
146,Faustina,Golding,Faustina.Golding@example.com,Female,30,69000.00,Paralegal
147,Vance,Leeuwerink,Vance.Leeuwerink@example.com,Male,54,51000.00,Occupational Therapist
148,Aurthur,Kalkhoven,Aurthur.Kalkhoven@example.com,Male,39,110000.00,Data Coordiator
149,Aime,Balchin,Aime.Balchin@example.com,Female,55,55000.00,Software Consultant
150,Bree,Bolan,Bree.Bolan@example.com,Female,19,97000.00,Physical Therapy Assistant
151,Albie,Sainteau,Albie.Sainteau@example.com,Male,68,60000.00,Sales Representative
152,Giles,Itter,Giles.Itter@example.com,Male,61,84000.00,Web Designer I
153,Chrisse,Barnfield,Chrisse.Barnfield@example.com,Male,49,58000.00,Professor
154,Hughie,Veighey,Hughie.Veighey@example.com,Male,32,37000.00,Product Engineer
155,Keven,Baline,Keven.Baline@example.com,Male,28,36000.00,Software Engineer IV
156,Mackenzie,Mynott,Mackenzie.Mynott@example.com,Male,68,57000.00,VP Product Management
157,Minni,Ridewood,Minni.Ridewood@example.com,Female,27,51000.00,Safety Technician IV
158,Madelene,Trevett,Madelene.Trevett@example.com,Female,34,36000.00,Senior Sales Associate
159,Kristel,Kinnen,Kristel.Kinnen@example.com,Female,22,125000.00,Tax Accountant
160,Grete,Yuill,Grete.Yuill@example.com,Female,31,100000.00,Quality Control Specialist
161,Alys,Bowfin,Alys.Bowfin@example.com,Female,43,90000.00,Recruiter
162,Adam,Wrathmall,Adam.Wrathmall@example.com,Male,19,37000.00,GIS Technical Architect
163,Fernando,Macartney,Fernando.Macartney@example.com,Male,56,106000.00,Office Assistant II
164,Claire,Concannon,Claire.Concannon@example.com,Male,28,65000.00,Help Desk Operator
165,Erik,Nunes Nabarro,Erik.Nunes.Nabarro@example.com,Male,27,78000.00,Operator
166,Jane,Seatter,Jane.Seatter@example.com,Female,44,56000.00,Programmer III
167,Tisha,Telling,Tisha.Telling@example.com,Female,20,52000.00,Programmer I
168,Reilly,Trodd,Reilly.Trodd@example.com,Male,26,35000.00,Nuclear Power Engineer
169,Leoine,Kivelhan,Leoine.Kivelhan@example.com,Female,63,57000.00,Web Developer III
170,Olin,Willford,Olin.Willford@example.com,Male,22,70000.00,Web Designer I
171,Mayer,Robberts,Mayer.Robberts@example.com,Male,62,93000.00,Dental Hygienist
172,Romy,Taffarello,Romy.Taffarello@example.com,Female,75,63000.00,Recruiter
173,Kizzie,Folk,Kizzie.Folk@example.com,Female,25,40000.00,Software Consultant
174,Viva,Decruse,Viva.Decruse@example.com,Female,55,47000.00,Speech Pathologist
175,Anny,Kilcullen,Anny.Kilcullen@example.com,Female,45,62000.00,Business Systems Development Analyst
176,Buck,Bore,Buck.Bore@example.com,Male,35,83000.00,Software Test Engineer III
177,Clevie,Kaesmakers,Clevie.Kaesmakers@example.com,Male,61,54000.00,Programmer II
178,Hetty,Damato,Hetty.Damato@example.com,Female,28,88000.00,Senior Financial Analyst
179,Dominique,Enders,Dominique.Enders@example.com,Male,69,64000.00,Assistant Professor
180,Kalindi,Brunsen,Kalindi.Brunsen@example.com,Female,60,52000.00,Nuclear Power Engineer
181,Kristel,Rape,Kristel.Rape@example.com,Female,35,61000.00,Nuclear Power Engineer
182,Fidel,Aynsley,Fidel.Aynsley@example.com,Male,72,76000.00,Administrative Assistant IV
183,Kerrin,Yantsev,Kerrin.Yantsev@example.com,Female,33,101000.00,Senior Quality Engineer
184,Shell,Giraudat,Shell.Giraudat@example.com,Female,63,116000.00,Office Assistant I
185,Panchito,Woltering,Panchito.Woltering@example.com,Male,73,88000.00,Research Nurse
186,Charline,Fillon,Charline.Fillon@example.com,Female,22,68000.00,Administrative Officer
187,Wyn,Roloff,Wyn.Roloff@example.com,Male,34,48000.00,Operator
188,Owen,Lehr,Owen.Lehr@example.com,Male,35,110000.00,Cost Accountant
189,Tomlin,Kenna,Tomlin.Kenna@example.com,Male,42,64000.00,Administrative Assistant III
190,Birdie,Emanulsson,Birdie.Emanulsson@example.com,Female,26,37000.00,Research Associate
191,Rosetta,Durek,Rosetta.Durek@example.com,Female,70,39000.00,Legal Assistant
192,Quincey,Wharmby,Quincey.Wharmby@example.com,Male,54,117000.00,Developer I
193,Les,Helling,Les.Helling@example.com,Male,57,45000.00,Accounting Assistant IV
194,Alisun,Hoggetts,Alisun.Hoggetts@example.com,Female,54,85000.00,Assistant Professor
195,Annmarie,Clemens,Annmarie.Clemens@example.com,Female,36,76000.00,Information Systems Manager
196,Alphonse,Font,Alphonse.Font@example.com,Male,52,77000.00,Chief Design Engineer
197,Mella,Clethro,Mella.Clethro@example.com,Female,37,116000.00,VP Marketing
198,Nalani,Klossek,Nalani.Klossek@example.com,Female,30,88000.00,Budget/Accounting Analyst IV
199,Nicholle,Gulleford,Nicholle.Gulleford@example.com,Female,74,37000.00,Media Manager III
200,Dosi,Brannan,Dosi.Brannan@example.com,Female,39,112000.00,Community Outreach Specialist
201,Morry,Laurenceau,Morry.Laurenceau@example.com,Male,57,78000.00,Tax Accountant
202,Maddy,Duprey,Maddy.Duprey@example.com,Male,64,82000.00,VP Accounting
203,Dominick,Duffy,Dominick.Duffy@example.com,Male,60,39000.00,Biostatistician IV
204,Yehudi,Devall,Yehudi.Devall@example.com,Male,48,106000.00,Systems Administrator I
205,Brad,Gerardot,Brad.Gerardot@example.com,Male,69,94000.00,Senior Financial Analyst
206,Karel,Creane,Karel.Creane@example.com,Female,46,124000.00,Pharmacist
207,Brittne,Tebbit,Brittne.Tebbit@example.com,Female,41,57000.00,Nuclear Power Engineer
208,Cristie,Hanna,Cristie.Hanna@example.com,Female,50,64000.00,Recruiter
209,Rosalia,Nadin,Rosalia.Nadin@example.com,Female,32,116000.00,Database Administrator II
210,Gabriel,McAllester,Gabriel.McAllester@example.com,Female,29,109000.00,VP Marketing
211,Charissa,Reis,Charissa.Reis@example.com,Female,63,114000.00,Senior Developer
212,Faustine,Manktelow,Faustine.Manktelow@example.com,Female,44,115000.00,Accountant I
213,Anthea,Whitehead,Anthea.Whitehead@example.com,Female,47,47000.00,Sales Representative
214,Stefania,Kingwell,Stefania.Kingwell@example.com,Female,46,37000.00,Safety Technician III
215,Luce,Byneth,Luce.Byneth@example.com,Male,50,54000.00,Community Outreach Specialist
216,Iormina,Borrow,Iormina.Borrow@example.com,Female,31,85000.00,Editor
217,Lockwood,Ingman,Lockwood.Ingman@example.com,Male,47,92000.00,VP Quality Control
218,Ronny,Gyford,Ronny.Gyford@example.com,Female,39,72000.00,Geological Engineer
219,Viole,Suero,Viole.Suero@example.com,Female,57,55000.00,Assistant Manager
220,Chester,Arboin,Chester.Arboin@example.com,Male,20,35000.00,Librarian
221,Alana,Sheekey,Alana.Sheekey@example.com,Female,51,105000.00,Web Designer IV
222,Sanders,Phoebe,Sanders.Phoebe@example.com,Male,47,70000.00,Help Desk Technician
223,Hilton,Rene,Hilton.Rene@example.com,Male,57,40000.00,Quality Engineer
224,Lara,Aubri,Lara.Aubri@example.com,Female,74,120000.00,Community Outreach Specialist
225,Alano,Yukhov,Alano.Yukhov@example.com,Male,59,111000.00,Pharmacist
226,Asia,Froment,Asia.Froment@example.com,Female,29,124000.00,Human Resources Manager
227,Chadd,Hoyles,Chadd.Hoyles@example.com,Male,65,62000.00,Administrative Officer
228,Sharleen,Eggers,Sharleen.Eggers@example.com,Female,49,116000.00,Account Coordinator
229,Rory,Kettel,Rory.Kettel@example.com,Male,69,51000.00,Assistant Professor
230,Ogdan,Shippam,Ogdan.Shippam@example.com,Male,45,66000.00,Product Engineer
231,Darby,Saturley,Darby.Saturley@example.com,Male,48,122000.00,Clinical Specialist
232,Dyna,Lawrenceson,Dyna.Lawrenceson@example.com,Female,34,43000.00,Director of Sales
233,Lotte,Citrine,Lotte.Citrine@example.com,Female,20,108000.00,Editor
234,Germain,Posvner,Germain.Posvner@example.com,Male,51,109000.00,Product Engineer
235,Phillipp,Matthias,Phillipp.Matthias@example.com,Male,24,65000.00,Mechanical Systems Engineer
236,Miquela,Ludwikiewicz,Miquela.Ludwikiewicz@example.com,Female,23,49000.00,Editor
237,Korrie,Lorimer,Korrie.Lorimer@example.com,Female,34,113000.00,Programmer Analyst IV
238,Gale,Cockerham,Gale.Cockerham@example.com,Female,48,35000.00,Environmental Specialist
239,Sheridan,Ridsdole,Sheridan.Ridsdole@example.com,Male,69,68000.00,Geological Engineer
240,Cairistiona,Hinsche,Cairistiona.Hinsche@example.com,Female,47,76000.00,Teacher
241,Halette,Cleynman,Halette.Cleynman@example.com,Female,58,116000.00,Staff Accountant III
242,Richie,Corro,Richie.Corro@example.com,Male,71,89000.00,Executive Secretary
243,Justinn,Twomey,Justinn.Twomey@example.com,Female,48,99000.00,Financial Advisor
244,Blakeley,Fane,Blakeley.Fane@example.com,Female,28,43000.00,Community Outreach Specialist
245,Ann-marie,Sherred,Ann-marie.Sherred@example.com,Female,20,41000.00,Automation Specialist III
246,Martin,Farre,Martin.Farre@example.com,Male,63,104000.00,Research Nurse
247,Adelaide,Curtiss,Adelaide.Curtiss@example.com,Female,56,73000.00,Project Manager
248,Nolie,Kinleyside,Nolie.Kinleyside@example.com,Female,48,63000.00,Account Representative III
249,Ayn,Castelletto,Ayn.Castelletto@example.com,Female,60,60000.00,Tax Accountant
250,Maryl,Dowty,Maryl.Dowty@example.com,Female,54,50000.00,Structural Engineer
251,Tiena,Pankhurst.,Tiena.Pankhurst.@example.com,Female,37,53000.00,Desktop Support Technician
252,Kala,Ventura,Kala.Ventura@example.com,Female,24,56000.00,Associate Professor
253,Venita,Satterlee,Venita.Satterlee@example.com,Female,59,118000.00,Cost Accountant
254,Stella,Accum,Stella.Accum@example.com,Female,24,118000.00,Geologist IV
255,Lucila,Huet,Lucila.Huet@example.com,Female,61,77000.00,Administrative Officer
256,Patrizius,Pont,Patrizius.Pont@example.com,Male,49,36000.00,Nuclear Power Engineer
257,Lonnie,Tsar,Lonnie.Tsar@example.com,Male,48,118000.00,Software Test Engineer II
258,Giuditta,Robinet,Giuditta.Robinet@example.com,Female,47,93000.00,Occupational Therapist
259,Dusty,Bielefeld,Dusty.Bielefeld@example.com,Female,42,42000.00,Automation Specialist I
260,Willy,Fishwick,Willy.Fishwick@example.com,Female,21,80000.00,Programmer Analyst III
261,Rhiamon,Loudiane,Rhiamon.Loudiane@example.com,Female,23,99000.00,Accountant I
262,Wini,Weyland,Wini.Weyland@example.com,Female,52,57000.00,Staff Scientist
263,Jesse,Constantine,Jesse.Constantine@example.com,Male,46,111000.00,Sales Representative
264,Skyler,Nisot,Skyler.Nisot@example.com,Male,31,71000.00,Business Systems Development Analyst
265,Nickie,Coplestone,Nickie.Coplestone@example.com,Female,23,125000.00,Research Assistant IV
266,Salvador,Brereton,Salvador.Brereton@example.com,Male,75,44000.00,Structural Analysis Engineer
267,Lexie,Garrould,Lexie.Garrould@example.com,Female,73,100000.00,Systems Administrator III
268,Cinnamon,Cardinale,Cinnamon.Cardinale@example.com,Female,65,92000.00,Teacher
269,Inigo,Coode,Inigo.Coode@example.com,Male,45,68000.00,Biostatistician III
270,Xenia,Mosdell,Xenia.Mosdell@example.com,Female,47,84000.00,Human Resources Assistant III
271,Franchot,Benedicto,Franchot.Benedicto@example.com,Male,19,50000.00,Account Executive
272,Gertrudis,Twinn,Gertrudis.Twinn@example.com,Female,24,111000.00,Web Developer IV
273,Adelle,Lathleiff,Adelle.Lathleiff@example.com,Female,54,111000.00,Accounting Assistant IV
274,Jeffie,Morrant,Jeffie.Morrant@example.com,Male,54,111000.00,Office Assistant III
275,Beatrisa,Oakinfold,Beatrisa.Oakinfold@example.com,Female,75,113000.00,Staff Accountant III
276,Godfree,Dyte,Godfree.Dyte@example.com,Male,73,53000.00,Programmer Analyst II
277,Webster,Gibbieson,Webster.Gibbieson@example.com,Male,46,62000.00,Programmer III
278,Jamaal,Cuseck,Jamaal.Cuseck@example.com,Male,24,48000.00,Clinical Specialist
279,Daisey,Hamblin,Daisey.Hamblin@example.com,Female,41,114000.00,Quality Control Specialist
280,Shelbi,Eastop,Shelbi.Eastop@example.com,Female,67,77000.00,Senior Financial Analyst
281,Elnora,Zamorano,Elnora.Zamorano@example.com,Female,59,71000.00,Teacher
282,Isak,Gilloran,Isak.Gilloran@example.com,Male,57,93000.00,Professor
283,Hew,Watt,Hew.Watt@example.com,Male,35,57000.00,Account Executive
284,Ulric,Yitzovicz,Ulric.Yitzovicz@example.com,Male,62,91000.00,Environmental Tech
285,Judah,Loxston,Judah.Loxston@example.com,Male,74,51000.00,Media Manager IV
286,Colet,Vedyasov,Colet.Vedyasov@example.com,Male,40,110000.00,Food Chemist
287,Theodoric,Godsal,Theodoric.Godsal@example.com,Male,75,65000.00,Senior Developer
288,Dew,Delgaty,Dew.Delgaty@example.com,Male,69,78000.00,Business Systems Development Analyst
289,Dosi,Mayberry,Dosi.Mayberry@example.com,Female,58,64000.00,Automation Specialist I
290,Kassey,Clapp,Kassey.Clapp@example.com,Female,36,71000.00,Account Executive
291,Haleigh,McMillian,Haleigh.McMillian@example.com,Male,27,102000.00,Chief Design Engineer
292,Ediva,Corney,Ediva.Corney@example.com,Female,61,93000.00,Librarian
293,Orran,Ladell,Orran.Ladell@example.com,Male,65,92000.00,Quality Control Specialist
294,Gonzales,McPhate,Gonzales.McPhate@example.com,Male,22,107000.00,Programmer II
295,Caldwell,Thwaites,Caldwell.Thwaites@example.com,Male,53,94000.00,Analyst Programmer
296,Caron,Ort,Caron.Ort@example.com,Female,37,124000.00,Nuclear Power Engineer
297,Sigfrid,Daw,Sigfrid.Daw@example.com,Male,68,80000.00,Product Engineer
298,Vivi,Kindell,Vivi.Kindell@example.com,Female,28,37000.00,Project Manager
299,Morgun,Brasse,Morgun.Brasse@example.com,Male,56,84000.00,Clinical Specialist
300,Brocky,Eatock,Brocky.Eatock@example.com,Male,46,45000.00,General Manager
301,Bear,Dyka,Bear.Dyka@example.com,Male,47,120000.00,Software Consultant
302,Law,Anthoin,Law.Anthoin@example.com,Male,50,109000.00,Actuary
303,Helene,Bugbird,Helene.Bugbird@example.com,Female,69,111000.00,Media Manager IV
304,Libby,Raggles,Libby.Raggles@example.com,Female,73,49000.00,Dental Hygienist
305,Carlo,Wailes,Carlo.Wailes@example.com,Male,63,112000.00,Paralegal
306,Gennie,Stembridge,Gennie.Stembridge@example.com,Female,36,59000.00,Payment Adjustment Coordinator
307,Sophie,Sparway,Sophie.Sparway@example.com,Female,33,83000.00,Senior Editor
308,Patty,Goodricke,Patty.Goodricke@example.com,Female,48,43000.00,Analog Circuit Design manager
309,Lauritz,Blaker,Lauritz.Blaker@example.com,Male,50,43000.00,Business Systems Development Analyst
310,Zaccaria,Kemwall,Zaccaria.Kemwall@example.com,Male,49,111000.00,Financial Analyst
311,Mag,Perott,Mag.Perott@example.com,Female,26,125000.00,Structural Engineer
312,Holden,Stonbridge,Holden.Stonbridge@example.com,Male,25,96000.00,Account Executive
313,Glyn,Bollon,Glyn.Bollon@example.com,Male,46,102000.00,Database Administrator III
314,Layton,Walhedd,Layton.Walhedd@example.com,Male,19,69000.00,Environmental Specialist
315,Gerald,Artingstall,Gerald.Artingstall@example.com,Male,53,36000.00,Database Administrator I
316,Hercule,Hoolaghan,Hercule.Hoolaghan@example.com,Male,59,66000.00,Quality Control Specialist
317,Marijn,Hows,Marijn.Hows@example.com,Male,33,58000.00,Marketing Manager
318,Gino,Checchi,Gino.Checchi@example.com,Male,58,74000.00,Nurse
319,Omero,Gribbell,Omero.Gribbell@example.com,Male,21,99000.00,Recruiter
320,Stevana,Turl,Stevana.Turl@example.com,Female,56,108000.00,Research Associate
321,Mordy,Droghan,Mordy.Droghan@example.com,Male,23,75000.00,Physical Therapy Assistant
322,Melli,Allery,Melli.Allery@example.com,Female,22,97000.00,Web Designer III
323,Fidel,Acors,Fidel.Acors@example.com,Male,34,94000.00,Product Engineer
324,Malanie,Creeboe,Malanie.Creeboe@example.com,Female,31,92000.00,Sales Representative
325,Deidre,Flemmich,Deidre.Flemmich@example.com,Female,73,61000.00,Analyst Programmer
326,Josias,Manginot,Josias.Manginot@example.com,Male,57,97000.00,VP Sales
327,Betteanne,O'Carney,Betteanne.O'Carney@example.com,Female,21,74000.00,Analyst Programmer
328,Zelda,Burgise,Zelda.Burgise@example.com,Female,39,77000.00,Electrical Engineer
329,Laird,Hailston,Laird.Hailston@example.com,Male,61,125000.00,Paralegal
330,Sigismund,Baseggio,Sigismund.Baseggio@example.com,Male,60,55000.00,Dental Hygienist
331,Jean,Muzzi,Jean.Muzzi@example.com,Female,73,74000.00,Database Administrator II
332,Denys,Vivash,Denys.Vivash@example.com,Male,52,57000.00,Web Designer I
333,Daryl,Lockton,Daryl.Lockton@example.com,Male,20,66000.00,Web Developer I
334,Giles,Stickells,Giles.Stickells@example.com,Male,72,39000.00,Physical Therapy Assistant
335,Koo,Bread,Koo.Bread@example.com,Female,60,117000.00,Research Associate
336,Kevina,Whiterod,Kevina.Whiterod@example.com,Female,48,112000.00,Cost Accountant
337,Rachele,Beament,Rachele.Beament@example.com,Female,26,68000.00,Product Engineer
338,Norry,Medforth,Norry.Medforth@example.com,Female,59,54000.00,Senior Editor
339,Aksel,Gammons,Aksel.Gammons@example.com,Male,66,63000.00,Research Nurse
340,Moll,Stenner,Moll.Stenner@example.com,Female,37,100000.00,Senior Quality Engineer
341,Isa,Dalman,Isa.Dalman@example.com,Male,43,88000.00,Financial Advisor
342,Wallache,Shouler,Wallache.Shouler@example.com,Male,35,77000.00,Human Resources Assistant I
343,Erastus,Hanniger,Erastus.Hanniger@example.com,Male,20,104000.00,Occupational Therapist
344,Ingaberg,Stonard,Ingaberg.Stonard@example.com,Female,50,104000.00,Nuclear Power Engineer
345,Hershel,McGeachy,Hershel.McGeachy@example.com,Male,36,56000.00,Professor
346,Ramsey,Narbett,Ramsey.Narbett@example.com,Male,34,123000.00,Analyst Programmer
347,Libbie,Wetherald,Libbie.Wetherald@example.com,Female,24,99000.00,Geological Engineer
348,Valentina,Fleetham,Valentina.Fleetham@example.com,Female,56,63000.00,Computer Systems Analyst II
349,Byrann,Quidenham,Byrann.Quidenham@example.com,Male,38,105000.00,Data Coordiator
350,Cornela,Yitzowitz,Cornela.Yitzowitz@example.com,Female,71,65000.00,Tax Accountant
351,Der,Baruch,Der.Baruch@example.com,Male,70,91000.00,General Manager
352,Sherwynd,Hardistry,Sherwynd.Hardistry@example.com,Male,74,73000.00,Compensation Analyst
353,Konstantine,Beldam,Konstantine.Beldam@example.com,Male,27,79000.00,Help Desk Operator
354,Gannon,Stuchburie,Gannon.Stuchburie@example.com,Male,58,49000.00,Human Resources Assistant III
355,Audre,Hekkert,Audre.Hekkert@example.com,Female,57,123000.00,Director of Sales
356,Nealson,Storrs,Nealson.Storrs@example.com,Male,67,70000.00,Tax Accountant
357,Rey,Biglin,Rey.Biglin@example.com,Female,75,119000.00,Librarian
358,Arron,Zamboniari,Arron.Zamboniari@example.com,Male,63,85000.00,Assistant Media Planner
359,Tuesday,Wescott,Tuesday.Wescott@example.com,Female,44,42000.00,Legal Assistant
360,Mariejeanne,Diggin,Mariejeanne.Diggin@example.com,Female,31,48000.00,Product Engineer
361,Barb,Bassam,Barb.Bassam@example.com,Female,68,76000.00,Research Assistant IV
362,Imogene,Criag,Imogene.Criag@example.com,Female,64,111000.00,Business Systems Development Analyst
363,Berkeley,Iremonger,Berkeley.Iremonger@example.com,Male,34,93000.00,Registered Nurse
364,Ogden,Renbold,Ogden.Renbold@example.com,Male,54,121000.00,Software Consultant
365,Nikolia,Hamshar,Nikolia.Hamshar@example.com,Female,58,75000.00,Teacher
366,Sebastien,Vallack,Sebastien.Vallack@example.com,Male,27,48000.00,Senior Developer
367,Maribel,Rosenauer,Maribel.Rosenauer@example.com,Female,54,112000.00,VP Sales
368,Nappy,Brightie,Nappy.Brightie@example.com,Male,23,109000.00,General Manager
369,Somerset,Poveleye,Somerset.Poveleye@example.com,Male,69,106000.00,Sales Representative
370,Dulciana,MacAree,Dulciana.MacAree@example.com,Female,22,38000.00,Dental Hygienist
371,Camel,Swadlin,Camel.Swadlin@example.com,Female,20,70000.00,Occupational Therapist
372,Kara,Cauldwell,Kara.Cauldwell@example.com,Female,21,65000.00,Sales Associate
373,Rawley,Tomkies,Rawley.Tomkies@example.com,Male,65,59000.00,Registered Nurse
374,Laure,Duesbury,Laure.Duesbury@example.com,Female,61,36000.00,Geologist III
375,Keelia,O'Hannay,Keelia.O'Hannay@example.com,Female,47,61000.00,Programmer III
376,Feliks,Laughton,Feliks.Laughton@example.com,Male,57,108000.00,Marketing Manager
377,Tasia,De Ferrari,Tasia.De.Ferrari@example.com,Female,58,121000.00,Compensation Analyst
378,Malory,Gout,Malory.Gout@example.com,Female,43,86000.00,Nurse Practicioner
379,Prentice,Giannazzo,Prentice.Giannazzo@example.com,Male,50,96000.00,Research Associate
380,Leontyne,Camocke,Leontyne.Camocke@example.com,Female,58,94000.00,Operator
381,Dolf,Morkham,Dolf.Morkham@example.com,Male,47,72000.00,Recruiting Manager
382,Thorndike,Hartly,Thorndike.Hartly@example.com,Male,50,70000.00,Staff Accountant II
383,Teriann,Hutt,Teriann.Hutt@example.com,Female,57,84000.00,Clinical Specialist
384,Kaye,Goose,Kaye.Goose@example.com,Female,75,93000.00,Associate Professor
385,Juliana,Cuming,Juliana.Cuming@example.com,Female,24,109000.00,Staff Scientist
386,Dedie,Sutlieff,Dedie.Sutlieff@example.com,Female,51,73000.00,Analyst Programmer
387,Shaughn,Claybourn,Shaughn.Claybourn@example.com,Male,60,98000.00,Payment Adjustment Coordinator
388,Prescott,Seson,Prescott.Seson@example.com,Male,39,101000.00,Human Resources Assistant III
389,Anne-marie,Labbe,Anne-marie.Labbe@example.com,Female,52,61000.00,Office Assistant III
390,Barrie,Sueter,Barrie.Sueter@example.com,Male,43,38000.00,Web Developer II
391,Morganica,Crosbie,Morganica.Crosbie@example.com,Female,64,90000.00,Web Designer II
392,Jacqueline,Jewar,Jacqueline.Jewar@example.com,Female,72,68000.00,Chemical Engineer
393,Gallagher,Skettles,Gallagher.Skettles@example.com,Male,71,99000.00,Help Desk Technician
394,Koo,Willgress,Koo.Willgress@example.com,Female,42,105000.00,Safety Technician I
395,Graig,Doe,Graig.Doe@example.com,Male,34,103000.00,VP Marketing
396,Damian,Tooby,Damian.Tooby@example.com,Male,56,48000.00,Paralegal
397,Evangelin,Bussens,Evangelin.Bussens@example.com,Female,61,43000.00,Senior Editor
398,Barclay,Stooke,Barclay.Stooke@example.com,Male,38,80000.00,Senior Quality Engineer
399,Jammal,Nerger,Jammal.Nerger@example.com,Male,26,92000.00,Help Desk Technician
400,Elvyn,Heater,Elvyn.Heater@example.com,Male,58,98000.00,Associate Professor
401,Hall,Darree,Hall.Darree@example.com,Male,73,67000.00,Registered Nurse
402,Loydie,Bowers,Loydie.Bowers@example.com,Male,46,102000.00,Data Coordiator
403,Mohandas,Ive,Mohandas.Ive@example.com,Male,21,76000.00,Account Coordinator
404,Ivette,Monkley,Ivette.Monkley@example.com,Female,58,125000.00,Web Developer I
405,Christabel,Wratten,Christabel.Wratten@example.com,Female,30,36000.00,Web Developer II
406,Sidnee,Makey,Sidnee.Makey@example.com,Male,54,62000.00,Pharmacist
407,Lorilyn,Kuhlmey,Lorilyn.Kuhlmey@example.com,Female,22,41000.00,Biostatistician I
408,Shell,Dalrymple,Shell.Dalrymple@example.com,Female,51,51000.00,Biostatistician I
409,Effie,Westberg,Effie.Westberg@example.com,Female,73,68000.00,Legal Assistant
410,Gwendolin,Blackaller,Gwendolin.Blackaller@example.com,Female,69,93000.00,Food Chemist
411,Lanita,Bellward,Lanita.Bellward@example.com,Female,61,113000.00,Financial Advisor
412,Romonda,Brownsell,Romonda.Brownsell@example.com,Female,23,118000.00,Web Designer II
413,Hinze,Skirvin,Hinze.Skirvin@example.com,Male,52,91000.00,Speech Pathologist
414,Robby,Dedham,Robby.Dedham@example.com,Male,20,39000.00,Structural Analysis Engineer
415,Fairleigh,Studman,Fairleigh.Studman@example.com,Male,51,100000.00,Legal Assistant
416,Neale,Mawby,Neale.Mawby@example.com,Male,23,66000.00,Marketing Manager
417,Windham,Curlis,Windham.Curlis@example.com,Male,73,51000.00,Environmental Specialist
418,Rennie,Asling,Rennie.Asling@example.com,Female,71,111000.00,Nurse Practicioner
419,Randal,Conradie,Randal.Conradie@example.com,Male,67,84000.00,Web Designer II
420,Ginnie,Tramel,Ginnie.Tramel@example.com,Female,39,108000.00,Legal Assistant
421,Lester,Canet,Lester.Canet@example.com,Male,25,109000.00,Teacher
422,Dugald,Parnall,Dugald.Parnall@example.com,Male,70,111000.00,Electrical Engineer
423,Herschel,Pretorius,Herschel.Pretorius@example.com,Male,27,40000.00,Internal Auditor
424,Yalonda,Larmett,Yalonda.Larmett@example.com,Female,55,52000.00,Nurse
425,Gil,Need,Gil.Need@example.com,Male,26,78000.00,Developer IV
426,Angelo,Roskelley,Angelo.Roskelley@example.com,Male,58,47000.00,Senior Cost Accountant
427,Amandie,Messitt,Amandie.Messitt@example.com,Female,72,57000.00,Analyst Programmer
428,Lyon,Ambrosetti,Lyon.Ambrosetti@example.com,Male,50,81000.00,Research Assistant III
429,Lorens,Schultes,Lorens.Schultes@example.com,Male,39,123000.00,General Manager
430,Annalee,House,Annalee.House@example.com,Female,37,89000.00,Staff Scientist
431,Rosemaria,Bimrose,Rosemaria.Bimrose@example.com,Female,72,97000.00,GIS Technical Architect
432,Tuck,Lusher,Tuck.Lusher@example.com,Male,58,123000.00,Professor
433,Torrie,Wrintmore,Torrie.Wrintmore@example.com,Female,63,92000.00,Paralegal
434,Kaela,Garnett,Kaela.Garnett@example.com,Female,43,53000.00,Assistant Manager
435,Margalo,Beldham,Margalo.Beldham@example.com,Female,57,121000.00,Accounting Assistant I
436,Padgett,Moggie,Padgett.Moggie@example.com,Male,25,48000.00,Chief Design Engineer
437,Andy,Cockney,Andy.Cockney@example.com,Female,28,57000.00,Sales Associate
438,Mehetabel,Ashbey,Mehetabel.Ashbey@example.com,Female,66,94000.00,Legal Assistant
439,Evanne,Giacobini,Evanne.Giacobini@example.com,Female,50,83000.00,Programmer Analyst III
440,Baillie,Broggini,Baillie.Broggini@example.com,Male,24,119000.00,Account Coordinator
441,Jemie,Lynnett,Jemie.Lynnett@example.com,Female,65,75000.00,General Manager
442,Jeffrey,Lapley,Jeffrey.Lapley@example.com,Male,55,44000.00,Clinical Specialist
443,Olly,Hedditch,Olly.Hedditch@example.com,Male,43,37000.00,Product Engineer
444,Frazier,Baddow,Frazier.Baddow@example.com,Male,63,42000.00,Paralegal
445,Kylen,Liverock,Kylen.Liverock@example.com,Female,37,40000.00,Senior Editor
446,Damiano,Edgcombe,Damiano.Edgcombe@example.com,Male,28,52000.00,Geological Engineer
447,Christa,Ferri,Christa.Ferri@example.com,Female,61,62000.00,Electrical Engineer
448,Sibel,Minghi,Sibel.Minghi@example.com,Female,72,65000.00,GIS Technical Architect
449,June,Lackemann,June.Lackemann@example.com,Female,66,35000.00,Accountant IV
450,Shell,Garlick,Shell.Garlick@example.com,Male,55,112000.00,Payment Adjustment Coordinator
451,Klemens,Melmore,Klemens.Melmore@example.com,Male,55,121000.00,Web Designer IV
452,Hall,Skeat,Hall.Skeat@example.com,Male,71,109000.00,Account Coordinator
453,Heddie,Thrush,Heddie.Thrush@example.com,Female,39,68000.00,Mechanical Systems Engineer
454,Farr,Beades,Farr.Beades@example.com,Male,44,101000.00,Civil Engineer
455,Renard,Levens,Renard.Levens@example.com,Male,40,40000.00,Developer IV
456,Lynnelle,Hilary,Lynnelle.Hilary@example.com,Female,56,49000.00,Senior Cost Accountant
457,Florette,Corstan,Florette.Corstan@example.com,Female,75,36000.00,Staff Accountant III
458,Dorian,Belson,Dorian.Belson@example.com,Male,50,114000.00,Operator
459,Ashely,Nutbean,Ashely.Nutbean@example.com,Female,24,70000.00,Human Resources Manager
460,Somerset,Napleton,Somerset.Napleton@example.com,Male,61,103000.00,Staff Scientist
461,Pooh,Galliver,Pooh.Galliver@example.com,Female,68,108000.00,Food Chemist
462,Brien,Ellwell,Brien.Ellwell@example.com,Male,33,75000.00,Help Desk Technician
463,Darbee,Donnel,Darbee.Donnel@example.com,Male,60,116000.00,Actuary
464,Allister,Skittrall,Allister.Skittrall@example.com,Male,30,113000.00,Nurse Practicioner
465,Alice,Edghinn,Alice.Edghinn@example.com,Female,19,72000.00,Senior Quality Engineer
466,Skipton,Louiset,Skipton.Louiset@example.com,Male,44,87000.00,Occupational Therapist
467,Waldo,Wolland,Waldo.Wolland@example.com,Male,51,66000.00,Human Resources Manager
468,Sharia,Bilbie,Sharia.Bilbie@example.com,Female,38,120000.00,Executive Secretary
469,Paulette,Byron,Paulette.Byron@example.com,Female,42,38000.00,Marketing Manager
470,Jorrie,Titheridge,Jorrie.Titheridge@example.com,Female,64,50000.00,Research Associate
471,Talya,Trett,Talya.Trett@example.com,Female,68,92000.00,Editor
472,Sidonnie,Peasnone,Sidonnie.Peasnone@example.com,Female,36,125000.00,Geologist IV
473,Rayshell,Yurshev,Rayshell.Yurshev@example.com,Female,35,41000.00,Structural Engineer
474,Kelcie,Yakunikov,Kelcie.Yakunikov@example.com,Female,68,91000.00,Sales Associate
475,Garreth,McCromley,Garreth.McCromley@example.com,Male,35,125000.00,Administrative Officer
476,Cicely,Karpol,Cicely.Karpol@example.com,Female,70,66000.00,Technical Writer
477,Kellen,Northover,Kellen.Northover@example.com,Male,25,115000.00,Human Resources Manager
478,Floria,Rosgen,Floria.Rosgen@example.com,Female,72,122000.00,Structural Analysis Engineer
479,See,Giurio,See.Giurio@example.com,Male,70,89000.00,Accountant II
480,Ty,Crawshay,Ty.Crawshay@example.com,Male,31,93000.00,Research Assistant IV
481,Jori,Chatwood,Jori.Chatwood@example.com,Female,34,91000.00,Food Chemist
482,Alecia,Mulliss,Alecia.Mulliss@example.com,Female,62,115000.00,Nuclear Power Engineer
483,Yule,Guerreau,Yule.Guerreau@example.com,Male,69,46000.00,Director of Sales
484,Aaron,Hek,Aaron.Hek@example.com,Male,27,62000.00,Mechanical Systems Engineer
485,Yuma,Ragat,Yuma.Ragat@example.com,Male,36,60000.00,Paralegal
486,Zsazsa,Lorant,Zsazsa.Lorant@example.com,Female,44,35000.00,Junior Executive
487,Janka,Ferroni,Janka.Ferroni@example.com,Female,46,97000.00,Pharmacist
488,Marlene,Couve,Marlene.Couve@example.com,Female,26,117000.00,Senior Developer
489,Ferguson,Daveren,Ferguson.Daveren@example.com,Male,24,43000.00,Cost Accountant
490,Rosemonde,Huggins,Rosemonde.Huggins@example.com,Female,21,104000.00,Geologist IV
491,Chariot,Grigori,Chariot.Grigori@example.com,Male,47,66000.00,Administrative Assistant II
492,Karie,Annice,Karie.Annice@example.com,Female,30,87000.00,Web Developer IV
493,Pearle,MacConnal,Pearle.MacConnal@example.com,Female,43,89000.00,Account Coordinator
494,Renie,Casterot,Renie.Casterot@example.com,Female,71,38000.00,Registered Nurse
495,Demetris,Ropert,Demetris.Ropert@example.com,Male,62,94000.00,Staff Accountant III
496,Janice,Maxted,Janice.Maxted@example.com,Female,71,115000.00,Programmer Analyst II
497,Holden,Stayt,Holden.Stayt@example.com,Male,41,101000.00,Nuclear Power Engineer
498,Isaac,Liver,Isaac.Liver@example.com,Male,53,85000.00,Staff Accountant I
499,Katine,Whittington,Katine.Whittington@example.com,Female,30,125000.00,Account Executive
500,Jordan,Wrightam,Jordan.Wrightam@example.com,Male,72,118000.00,Quality Control Specialist
501,Corly,Polye,Corly.Polye@example.com,Female,40,121000.00,Occupational Therapist
502,Corinna,Maulden,Corinna.Maulden@example.com,Female,69,91000.00,Associate Professor
503,Lacy,I'anson,Lacy.I'anson@example.com,Female,46,44000.00,Senior Developer
504,Natalie,Poulney,Natalie.Poulney@example.com,Female,55,52000.00,Civil Engineer
505,Dorey,Izakov,Dorey.Izakov@example.com,Male,23,87000.00,VP Marketing
506,Brenna,Chanders,Brenna.Chanders@example.com,Female,43,61000.00,Design Engineer
507,Gelya,Goldstraw,Gelya.Goldstraw@example.com,Female,62,75000.00,Marketing Assistant
508,Aida,Keune,Aida.Keune@example.com,Female,68,117000.00,Administrative Assistant IV
509,Darb,Danilishin,Darb.Danilishin@example.com,Male,48,44000.00,Electrical Engineer
510,Abbe,Rickson,Abbe.Rickson@example.com,Male,30,95000.00,Cost Accountant
511,Fin,Jaouen,Fin.Jaouen@example.com,Male,19,87000.00,Quality Control Specialist
512,Vivien,Earley,Vivien.Earley@example.com,Female,28,83000.00,Media Manager IV
513,Rutger,Lambotin,Rutger.Lambotin@example.com,Male,37,80000.00,Senior Financial Analyst
514,Jaime,Sedworth,Jaime.Sedworth@example.com,Female,23,73000.00,Tax Accountant
515,Dare,Malia,Dare.Malia@example.com,Male,56,69000.00,Sales Representative
516,Eachelle,Valerius,Eachelle.Valerius@example.com,Female,54,49000.00,Office Assistant IV
517,Fletch,Steeden,Fletch.Steeden@example.com,Male,57,62000.00,Recruiting Manager
518,Phillis,Langsbury,Phillis.Langsbury@example.com,Female,70,71000.00,Operator
519,Edwina,Oxenden,Edwina.Oxenden@example.com,Female,28,121000.00,Social Worker
520,Alexandre,McFarland,Alexandre.McFarland@example.com,Male,22,45000.00,Human Resources Assistant IV
521,Rayna,Theuff,Rayna.Theuff@example.com,Female,24,120000.00,Human Resources Manager
522,Homer,Millan,Homer.Millan@example.com,Male,56,91000.00,Cost Accountant
523,Rob,Harries,Rob.Harries@example.com,Male,64,101000.00,VP Quality Control
524,Gustavus,Burniston,Gustavus.Burniston@example.com,Male,22,100000.00,Mechanical Systems Engineer
525,Fabian,Govinlock,Fabian.Govinlock@example.com,Male,33,38000.00,Registered Nurse
526,Dukie,Akister,Dukie.Akister@example.com,Male,22,51000.00,Safety Technician II
527,Garrard,Nolleau,Garrard.Nolleau@example.com,Male,65,68000.00,Assistant Media Planner
528,John,Lavigne,John.Lavigne@example.com,Male,52,37000.00,Senior Sales Associate
529,Gabe,Galway,Gabe.Galway@example.com,Male,64,76000.00,Civil Engineer
530,Selle,Aleksandrikin,Selle.Aleksandrikin@example.com,Female,19,41000.00,Community Outreach Specialist
531,Bertrand,Iozefovich,Bertrand.Iozefovich@example.com,Male,49,124000.00,Safety Technician I
532,Burt,Garvin,Burt.Garvin@example.com,Male,23,78000.00,General Manager
533,Hermine,Mulliner,Hermine.Mulliner@example.com,Female,68,80000.00,Actuary
534,Cacilie,Briddle,Cacilie.Briddle@example.com,Female,50,81000.00,Automation Specialist III
535,Steffie,Widdowes,Steffie.Widdowes@example.com,Female,51,39000.00,Data Coordiator
536,Susy,Prop,Susy.Prop@example.com,Female,19,83000.00,Engineer IV
537,Allie,Excell,Allie.Excell@example.com,Female,21,102000.00,Software Test Engineer I
538,Ario,McClory,Ario.McClory@example.com,Male,63,41000.00,Recruiting Manager
539,Ingmar,Aslet,Ingmar.Aslet@example.com,Male,28,117000.00,Cost Accountant
540,Rubie,Oloman,Rubie.Oloman@example.com,Female,54,64000.00,Programmer Analyst I
541,Shana,Trusler,Shana.Trusler@example.com,Female,72,75000.00,Environmental Tech
542,Dorthea,Halliberton,Dorthea.Halliberton@example.com,Female,69,68000.00,Safety Technician I
543,Cristen,M'Chirrie,Cristen.M'Chirrie@example.com,Female,61,89000.00,Software Consultant
544,Dyanna,Costell,Dyanna.Costell@example.com,Female,48,84000.00,Programmer Analyst I
545,Bobbie,Skoate,Bobbie.Skoate@example.com,Female,62,90000.00,Internal Auditor
546,Nedi,Bodega,Nedi.Bodega@example.com,Female,26,86000.00,Systems Administrator II
547,Ingar,Semaine,Ingar.Semaine@example.com,Male,43,79000.00,Structural Analysis Engineer
548,Suzanna,Gorringe,Suzanna.Gorringe@example.com,Female,50,83000.00,Quality Engineer
549,Anthe,Buckle,Anthe.Buckle@example.com,Female,59,51000.00,Programmer Analyst II
550,Antin,Hanington,Antin.Hanington@example.com,Male,67,59000.00,Data Coordiator
551,Dannie,Darbon,Dannie.Darbon@example.com,Female,62,100000.00,Programmer Analyst IV
552,Darnall,Kuhnt,Darnall.Kuhnt@example.com,Male,23,123000.00,Research Nurse
553,Junia,Berriball,Junia.Berriball@example.com,Female,49,106000.00,Assistant Manager
554,Almeta,Coupar,Almeta.Coupar@example.com,Female,56,69000.00,Mechanical Systems Engineer
555,Annamaria,Champneys,Annamaria.Champneys@example.com,Female,34,70000.00,Chief Design Engineer
556,Marjorie,Flewan,Marjorie.Flewan@example.com,Female,46,58000.00,Computer Systems Analyst I
557,Ravid,Withams,Ravid.Withams@example.com,Male,67,94000.00,Automation Specialist IV
558,Isadora,Rhoades,Isadora.Rhoades@example.com,Female,23,124000.00,Software Consultant
559,Waldon,Sebring,Waldon.Sebring@example.com,Male,27,124000.00,Registered Nurse
560,Mariann,Schuck,Mariann.Schuck@example.com,Female,62,103000.00,Mechanical Systems Engineer
561,Joey,Sexten,Joey.Sexten@example.com,Male,19,52000.00,VP Product Management
562,Kimmi,McLernon,Kimmi.McLernon@example.com,Female,38,40000.00,Human Resources Assistant II
563,Spence,Twitchett,Spence.Twitchett@example.com,Male,38,72000.00,Information Systems Manager
564,Aylmer,Akester,Aylmer.Akester@example.com,Male,56,74000.00,Assistant Media Planner
565,Malissa,Dennes,Malissa.Dennes@example.com,Female,28,88000.00,Technical Writer
566,Bink,Tremeer,Bink.Tremeer@example.com,Male,64,92000.00,Senior Sales Associate
567,Siana,Eloi,Siana.Eloi@example.com,Female,51,41000.00,Compensation Analyst
568,Peirce,Malshinger,Peirce.Malshinger@example.com,Male,66,46000.00,Registered Nurse
569,Adriana,Rosengarten,Adriana.Rosengarten@example.com,Female,23,79000.00,Clinical Specialist
570,Dion,Dreus,Dion.Dreus@example.com,Female,32,87000.00,Engineer III
571,Erek,Boatman,Erek.Boatman@example.com,Male,21,80000.00,Cost Accountant
572,Ketti,Emmott,Ketti.Emmott@example.com,Female,23,35000.00,Analyst Programmer
573,Georgianna,Weine,Georgianna.Weine@example.com,Female,39,104000.00,Sales Associate
574,Libbi,Snelle,Libbi.Snelle@example.com,Female,25,45000.00,Clinical Specialist
575,Teena,Gwatkins,Teena.Gwatkins@example.com,Female,36,57000.00,Technical Writer
576,Franzen,Larvor,Franzen.Larvor@example.com,Male,55,39000.00,Senior Financial Analyst
577,Vittoria,Constance,Vittoria.Constance@example.com,Female,22,111000.00,Professor
578,Lyssa,Broader,Lyssa.Broader@example.com,Female,36,68000.00,Sales Representative
579,Thacher,Strangwood,Thacher.Strangwood@example.com,Male,43,119000.00,Software Engineer III
580,Raphael,Jime,Raphael.Jime@example.com,Male,63,93000.00,Occupational Therapist
581,Vinson,Sainter,Vinson.Sainter@example.com,Male,32,102000.00,Civil Engineer
582,Karel,Hindhaugh,Karel.Hindhaugh@example.com,Male,47,123000.00,Pharmacist
583,Orelle,Olivier,Orelle.Olivier@example.com,Female,59,92000.00,Assistant Manager
584,Hamel,Fricke,Hamel.Fricke@example.com,Male,68,94000.00,Geologist IV
585,Eward,O'Lenane,Eward.O'Lenane@example.com,Male,28,85000.00,Engineer III
586,Guinna,Fairley,Guinna.Fairley@example.com,Female,41,81000.00,VP Product Management
587,Andreana,Larsen,Andreana.Larsen@example.com,Female,53,35000.00,Sales Associate
588,Gerardo,Ivshin,Gerardo.Ivshin@example.com,Male,25,63000.00,Financial Advisor
589,Carolan,Fuge,Carolan.Fuge@example.com,Female,43,47000.00,General Manager
590,Lou,Tebboth,Lou.Tebboth@example.com,Male,27,106000.00,Marketing Assistant
591,Beverley,Bescoby,Beverley.Bescoby@example.com,Female,19,58000.00,Software Engineer IV
592,Emelina,Gauch,Emelina.Gauch@example.com,Female,59,121000.00,Chief Design Engineer
593,Wynnie,Mustoe,Wynnie.Mustoe@example.com,Female,52,75000.00,Help Desk Operator
594,Shepperd,Lavalde,Shepperd.Lavalde@example.com,Male,26,86000.00,Project Manager
595,Zeke,Haggis,Zeke.Haggis@example.com,Male,71,124000.00,Assistant Professor
596,Morganne,Harrop,Morganne.Harrop@example.com,Female,56,85000.00,Editor
597,Jaine,Weadick,Jaine.Weadick@example.com,Female,66,43000.00,Sales Associate
598,Giraldo,Dunnet,Giraldo.Dunnet@example.com,Male,42,99000.00,Executive Secretary
599,Farand,Beckinsall,Farand.Beckinsall@example.com,Female,53,36000.00,Analyst Programmer
600,Adrian,Le Jean,Adrian.Le.Jean@example.com,Female,69,59000.00,VP Accounting
601,Barthel,Dominique,Barthel.Dominique@example.com,Male,31,93000.00,Marketing Manager
602,Brendan,Critchard,Brendan.Critchard@example.com,Male,33,60000.00,Senior Quality Engineer
603,Jobie,Walter,Jobie.Walter@example.com,Female,30,81000.00,Librarian
604,Hurleigh,Lafaye,Hurleigh.Lafaye@example.com,Male,70,88000.00,Sales Representative
605,Travers,Capps,Travers.Capps@example.com,Male,69,60000.00,Assistant Manager
606,Franni,Lewcock,Franni.Lewcock@example.com,Female,64,82000.00,Environmental Specialist
607,Nickey,Plunket,Nickey.Plunket@example.com,Male,26,55000.00,Recruiter
608,Eugine,Matches,Eugine.Matches@example.com,Female,52,125000.00,Automation Specialist II
609,Alistair,Deeman,Alistair.Deeman@example.com,Male,58,64000.00,Professor
610,Malcolm,Garralts,Malcolm.Garralts@example.com,Male,26,123000.00,Project Manager
611,Lynnett,Rustidge,Lynnett.Rustidge@example.com,Female,24,90000.00,Safety Technician IV
612,Katrinka,Ballsdon,Katrinka.Ballsdon@example.com,Female,38,82000.00,Senior Developer
613,Corby,Kerrich,Corby.Kerrich@example.com,Male,31,102000.00,Environmental Tech
614,Lucias,Fewtrell,Lucias.Fewtrell@example.com,Male,38,93000.00,Recruiting Manager
615,Wally,Clemence,Wally.Clemence@example.com,Female,20,55000.00,Recruiter
616,Dell,Wolfart,Dell.Wolfart@example.com,Female,69,94000.00,Nurse
617,Melita,Wildgoose,Melita.Wildgoose@example.com,Female,72,35000.00,Media Manager III
618,Alexandro,Curdell,Alexandro.Curdell@example.com,Male,68,120000.00,Nuclear Power Engineer
619,Bertrand,Jeskin,Bertrand.Jeskin@example.com,Male,52,43000.00,Cost Accountant
620,Suki,Yellop,Suki.Yellop@example.com,Female,71,58000.00,Research Associate
621,Nico,Tithecote,Nico.Tithecote@example.com,Male,28,111000.00,Help Desk Technician
622,Winnie,Trubshawe,Winnie.Trubshawe@example.com,Male,62,59000.00,Research Nurse
623,Franky,Corden,Franky.Corden@example.com,Female,24,43000.00,Computer Systems Analyst II
624,Krissie,Shippam,Krissie.Shippam@example.com,Female,27,66000.00,Food Chemist
625,Pen,Farris,Pen.Farris@example.com,Male,56,55000.00,Software Test Engineer II
626,Nikos,Wedderburn,Nikos.Wedderburn@example.com,Male,45,76000.00,Technical Writer
627,Kylila,Carff,Kylila.Carff@example.com,Female,46,57000.00,Human Resources Manager
628,Sherri,MacInherney,Sherri.MacInherney@example.com,Female,71,87000.00,Assistant Professor
629,Barry,De Miranda,Barry.De.Miranda@example.com,Female,39,57000.00,Statistician III
630,Norri,Condit,Norri.Condit@example.com,Female,68,84000.00,Administrative Assistant IV
631,Paul,Artiss,Paul.Artiss@example.com,Male,71,72000.00,Chief Design Engineer
632,Ardra,Bault,Ardra.Bault@example.com,Female,23,98000.00,Environmental Tech
633,Wallache,Bosher,Wallache.Bosher@example.com,Male,45,74000.00,GIS Technical Architect
634,Phil,Serjeantson,Phil.Serjeantson@example.com,Female,47,111000.00,Graphic Designer
635,Dallas,Paulitschke,Dallas.Paulitschke@example.com,Female,49,58000.00,Internal Auditor
636,Dar,Deplacido,Dar.Deplacido@example.com,Male,63,109000.00,Account Representative III
637,Keely,ducarme,Keely.ducarme@example.com,Female,73,119000.00,Human Resources Assistant I
638,Kissiah,Gissop,Kissiah.Gissop@example.com,Female,62,40000.00,VP Sales
639,Vanessa,McIleen,Vanessa.McIleen@example.com,Female,28,105000.00,Graphic Designer
640,Kerwinn,Blight,Kerwinn.Blight@example.com,Male,58,80000.00,Human Resources Manager
641,Alfonso,Jeays,Alfonso.Jeays@example.com,Male,45,41000.00,Account Coordinator
642,Sioux,Gosker,Sioux.Gosker@example.com,Female,36,79000.00,Programmer III
643,Shawna,Mandres,Shawna.Mandres@example.com,Female,75,90000.00,Senior Cost Accountant
644,Isabelle,Lowater,Isabelle.Lowater@example.com,Female,28,46000.00,General Manager
645,Barnabe,McCabe,Barnabe.McCabe@example.com,Male,39,73000.00,Associate Professor
646,Miller,Dranfield,Miller.Dranfield@example.com,Male,24,84000.00,Senior Financial Analyst
647,Fairfax,Stollenhof,Fairfax.Stollenhof@example.com,Male,44,36000.00,Quality Control Specialist
648,Rorie,Clamp,Rorie.Clamp@example.com,Female,61,51000.00,Geologist II
649,Giordano,de Clerq,Giordano.de.Clerq@example.com,Male,24,107000.00,Software Engineer III
650,Leshia,Josum,Leshia.Josum@example.com,Female,57,59000.00,Desktop Support Technician
651,Adan,Vanin,Adan.Vanin@example.com,Male,52,114000.00,Design Engineer
652,Standford,Ganiford,Standford.Ganiford@example.com,Male,67,119000.00,General Manager
653,Brion,Lages,Brion.Lages@example.com,Male,33,93000.00,Engineer IV
654,Norah,Shilling,Norah.Shilling@example.com,Female,63,50000.00,Systems Administrator III
655,Emmy,Lassetter,Emmy.Lassetter@example.com,Female,63,100000.00,Pharmacist
656,Valerye,Buchett,Valerye.Buchett@example.com,Female,63,92000.00,Chemical Engineer
657,Harmony,Seer,Harmony.Seer@example.com,Female,25,89000.00,Financial Analyst
658,Frankie,Brierton,Frankie.Brierton@example.com,Male,39,69000.00,Junior Executive
659,Kania,Binning,Kania.Binning@example.com,Female,37,111000.00,General Manager
660,Paige,Alforde,Paige.Alforde@example.com,Male,19,55000.00,Payment Adjustment Coordinator
661,Nadiya,Neward,Nadiya.Neward@example.com,Female,65,96000.00,Programmer IV
662,Yorgo,Dunbobbin,Yorgo.Dunbobbin@example.com,Male,46,116000.00,Cost Accountant
663,Bink,McCulloch,Bink.McCulloch@example.com,Male,75,87000.00,Staff Accountant II
664,Silvanus,Chettoe,Silvanus.Chettoe@example.com,Male,52,95000.00,Recruiter
665,Chelsea,Van Merwe,Chelsea.Van.Merwe@example.com,Female,32,39000.00,Senior Sales Associate
666,Guillermo,Merdew,Guillermo.Merdew@example.com,Male,31,124000.00,Staff Scientist
667,Bianka,Swadlin,Bianka.Swadlin@example.com,Female,75,92000.00,Financial Analyst
668,Janette,Weagener,Janette.Weagener@example.com,Female,24,95000.00,Librarian
669,Lolita,Reap,Lolita.Reap@example.com,Female,21,43000.00,Human Resources Assistant II
670,Jarid,Burnip,Jarid.Burnip@example.com,Male,51,86000.00,Recruiter
671,Ros,Esby,Ros.Esby@example.com,Female,43,61000.00,Analyst Programmer
672,Clem,Prichard,Clem.Prichard@example.com,Male,71,89000.00,Assistant Media Planner
673,Alwyn,Day,Alwyn.Day@example.com,Male,45,120000.00,Financial Analyst
674,Donall,Binnall,Donall.Binnall@example.com,Male,21,71000.00,Business Systems Development Analyst
675,Emmerich,Montague,Emmerich.Montague@example.com,Male,22,100000.00,Electrical Engineer
676,Cynthia,Tacker,Cynthia.Tacker@example.com,Female,26,110000.00,Geologist IV
677,Ally,Pollak,Ally.Pollak@example.com,Female,40,121000.00,Recruiter
678,Christophorus,Fullagar,Christophorus.Fullagar@example.com,Male,60,50000.00,Data Coordiator
679,Kendre,Jeanel,Kendre.Jeanel@example.com,Female,25,102000.00,Professor
680,Gretal,Wratten,Gretal.Wratten@example.com,Female,49,66000.00,Actuary
681,Fairfax,McKintosh,Fairfax.McKintosh@example.com,Male,56,110000.00,Marketing Manager
682,Garret,Avramov,Garret.Avramov@example.com,Male,39,56000.00,Financial Advisor
683,Hamlen,Woodus,Hamlen.Woodus@example.com,Male,42,120000.00,Computer Systems Analyst II
684,Carlota,Gumary,Carlota.Gumary@example.com,Female,23,102000.00,Chief Design Engineer
685,Pennie,McDell,Pennie.McDell@example.com,Male,65,110000.00,Financial Advisor
686,Viola,Kirtland,Viola.Kirtland@example.com,Female,75,60000.00,Product Engineer
687,Xenia,Pryke,Xenia.Pryke@example.com,Female,21,113000.00,Director of Sales
688,Janene,Iaduccelli,Janene.Iaduccelli@example.com,Female,49,103000.00,Office Assistant IV
689,Patti,Cobello,Patti.Cobello@example.com,Female,72,78000.00,Financial Advisor
690,Wylma,MacCome,Wylma.MacCome@example.com,Female,55,77000.00,Teacher
691,Dun,Lukesch,Dun.Lukesch@example.com,Male,21,56000.00,Quality Control Specialist
692,Wilt,Mardoll,Wilt.Mardoll@example.com,Male,20,94000.00,Physical Therapy Assistant
693,Ritchie,Woolley,Ritchie.Woolley@example.com,Male,34,98000.00,Web Designer I
694,Laurice,Falkus,Laurice.Falkus@example.com,Female,28,45000.00,Account Executive
695,Katee,Measham,Katee.Measham@example.com,Female,29,108000.00,Biostatistician III
696,Rock,Wyard,Rock.Wyard@example.com,Male,61,86000.00,Analog Circuit Design manager
697,Suzanne,Legonidec,Suzanne.Legonidec@example.com,Female,38,67000.00,Nurse
698,Munmro,Cranke,Munmro.Cranke@example.com,Male,22,58000.00,Account Representative IV
699,Keely,Habard,Keely.Habard@example.com,Female,52,75000.00,Social Worker
700,Alfreda,Treske,Alfreda.Treske@example.com,Female,73,91000.00,Account Representative II
701,Noel,Habergham,Noel.Habergham@example.com,Male,52,48000.00,Junior Executive
702,Ignace,Allbrook,Ignace.Allbrook@example.com,Male,70,64000.00,Administrative Officer
703,Codi,Delleschi,Codi.Delleschi@example.com,Female,21,118000.00,Web Developer III
704,Aldon,Shaw,Aldon.Shaw@example.com,Male,36,86000.00,Human Resources Assistant III
705,Letisha,Purkis,Letisha.Purkis@example.com,Female,26,81000.00,Environmental Tech
706,Derry,Garroch,Derry.Garroch@example.com,Male,48,57000.00,Computer Systems Analyst I
707,Andee,Tregent,Andee.Tregent@example.com,Female,49,113000.00,General Manager
708,Bat,Salomon,Bat.Salomon@example.com,Male,34,45000.00,Senior Cost Accountant
709,Rustin,Malzard,Rustin.Malzard@example.com,Male,34,35000.00,Librarian
710,Eddi,Staning,Eddi.Staning@example.com,Female,51,90000.00,Legal Assistant
711,Marjie,Hagger,Marjie.Hagger@example.com,Female,41,85000.00,Chemical Engineer
712,Aurlie,Laidler,Aurlie.Laidler@example.com,Female,36,74000.00,Statistician III
713,Beryle,Worsom,Beryle.Worsom@example.com,Female,58,36000.00,Marketing Manager
714,Mildrid,Coulthart,Mildrid.Coulthart@example.com,Female,51,44000.00,Design Engineer
715,Frasier,Totterdill,Frasier.Totterdill@example.com,Male,63,83000.00,Quality Engineer
716,Cathleen,Karpenko,Cathleen.Karpenko@example.com,Female,59,63000.00,Executive Secretary
717,Ahmad,Kristufek,Ahmad.Kristufek@example.com,Male,52,68000.00,Junior Executive
718,Gaylord,Gallagher,Gaylord.Gallagher@example.com,Male,45,68000.00,Actuary
719,Cherri,Bennoe,Cherri.Bennoe@example.com,Female,19,46000.00,Nurse Practicioner
720,Lark,Tremouille,Lark.Tremouille@example.com,Female,27,85000.00,Data Coordiator
721,Rebekah,Prendergast,Rebekah.Prendergast@example.com,Female,34,50000.00,Web Developer II
722,Brendan,Buttwell,Brendan.Buttwell@example.com,Male,71,56000.00,Chief Design Engineer
723,Christos,Merriday,Christos.Merriday@example.com,Male,72,36000.00,Information Systems Manager
724,Marinna,Heigl,Marinna.Heigl@example.com,Female,32,62000.00,Geologist I
725,Jenine,Fountaine,Jenine.Fountaine@example.com,Female,40,122000.00,Software Test Engineer IV
726,Lauri,Deyenhardt,Lauri.Deyenhardt@example.com,Female,30,74000.00,Information Systems Manager
727,Damiano,Allenson,Damiano.Allenson@example.com,Male,28,74000.00,Help Desk Technician
728,Ashien,Macak,Ashien.Macak@example.com,Female,66,81000.00,Assistant Manager
729,Neel,Cookes,Neel.Cookes@example.com,Male,50,125000.00,Marketing Assistant
730,Zollie,Owen,Zollie.Owen@example.com,Male,43,92000.00,Software Test Engineer I
731,Jerry,Budget,Jerry.Budget@example.com,Male,62,56000.00,Automation Specialist II
732,Sarena,Florence,Sarena.Florence@example.com,Female,66,63000.00,Associate Professor
733,Boy,Dunphie,Boy.Dunphie@example.com,Male,56,73000.00,Environmental Tech
734,Timothy,Aldcorn,Timothy.Aldcorn@example.com,Male,63,93000.00,Executive Secretary
735,Theodoric,Crookshank,Theodoric.Crookshank@example.com,Male,43,52000.00,Quality Control Specialist
736,Hewet,Petras,Hewet.Petras@example.com,Male,41,117000.00,Speech Pathologist
737,Kaylee,Mattheis,Kaylee.Mattheis@example.com,Female,27,93000.00,Safety Technician I
738,Tallou,Giraudot,Tallou.Giraudot@example.com,Female,29,115000.00,Geological Engineer
739,Guilbert,McGillecole,Guilbert.McGillecole@example.com,Male,70,106000.00,Tax Accountant
740,Branden,Brockhouse,Branden.Brockhouse@example.com,Male,26,39000.00,Project Manager
741,Lauretta,Struther,Lauretta.Struther@example.com,Female,68,86000.00,Accountant IV
742,Randolph,Mogenot,Randolph.Mogenot@example.com,Male,53,120000.00,Accountant III
743,Gladys,Eyers,Gladys.Eyers@example.com,Female,52,103000.00,Assistant Professor
744,Conchita,Hanna,Conchita.Hanna@example.com,Female,75,113000.00,Senior Financial Analyst
745,Katharina,Olczyk,Katharina.Olczyk@example.com,Female,51,58000.00,Financial Advisor
746,Othella,Stobo,Othella.Stobo@example.com,Female,51,104000.00,Account Coordinator
747,Claiborn,Maypowder,Claiborn.Maypowder@example.com,Male,52,52000.00,Structural Analysis Engineer
748,Tirrell,Usmar,Tirrell.Usmar@example.com,Male,65,59000.00,Cost Accountant
749,Willdon,Durnford,Willdon.Durnford@example.com,Male,60,112000.00,Health Coach I
750,Kennith,Himsworth,Kennith.Himsworth@example.com,Male,47,97000.00,Editor
751,Upton,Raycroft,Upton.Raycroft@example.com,Male,64,40000.00,Electrical Engineer
752,Arlette,Creedland,Arlette.Creedland@example.com,Female,19,94000.00,Dental Hygienist
753,Magda,Schuck,Magda.Schuck@example.com,Female,36,90000.00,Associate Professor
754,Modesta,Corradi,Modesta.Corradi@example.com,Female,46,93000.00,Legal Assistant
755,Mathian,Drees,Mathian.Drees@example.com,Male,27,98000.00,Research Assistant III
756,Shanie,Buckenham,Shanie.Buckenham@example.com,Female,74,44000.00,Editor
757,Remus,Greenless,Remus.Greenless@example.com,Male,63,51000.00,Technical Writer
758,Burnard,Kraut,Burnard.Kraut@example.com,Male,60,62000.00,Project Manager
759,Spence,Ladbrooke,Spence.Ladbrooke@example.com,Male,26,36000.00,Software Test Engineer I
760,Betteann,Myhan,Betteann.Myhan@example.com,Female,65,85000.00,Food Chemist
761,Braden,Bleesing,Braden.Bleesing@example.com,Male,49,110000.00,Quality Control Specialist
762,Gregor,Lassen,Gregor.Lassen@example.com,Male,48,37000.00,Pharmacist
763,Celesta,Gaitone,Celesta.Gaitone@example.com,Female,27,66000.00,Nurse Practicioner
764,Abe,Aldwich,Abe.Aldwich@example.com,Male,51,41000.00,Internal Auditor
765,Leyla,Morfield,Leyla.Morfield@example.com,Female,70,42000.00,Research Associate
766,Maribel,Rout,Maribel.Rout@example.com,Female,62,56000.00,Electrical Engineer
767,Nara,Latter,Nara.Latter@example.com,Female,70,122000.00,Paralegal
768,Muire,McAlpine,Muire.McAlpine@example.com,Female,34,38000.00,Account Representative III
769,Clement,Spencley,Clement.Spencley@example.com,Male,55,36000.00,Research Nurse
770,Darbie,Stonhouse,Darbie.Stonhouse@example.com,Female,41,104000.00,Chemical Engineer
771,Cecilius,Dries,Cecilius.Dries@example.com,Male,67,60000.00,Web Designer III
772,Kaycee,Bater,Kaycee.Bater@example.com,Female,69,59000.00,VP Product Management
773,Hertha,Snodden,Hertha.Snodden@example.com,Female,51,96000.00,Associate Professor
774,Craggy,Speedy,Craggy.Speedy@example.com,Male,26,78000.00,Research Assistant II
775,Brucie,Tregonna,Brucie.Tregonna@example.com,Male,73,116000.00,Executive Secretary
776,Jeffry,Hehir,Jeffry.Hehir@example.com,Male,41,109000.00,VP Quality Control
777,Salmon,Matthius,Salmon.Matthius@example.com,Male,61,99000.00,Paralegal
778,Michaella,Espadater,Michaella.Espadater@example.com,Female,40,65000.00,Structural Analysis Engineer
779,Patrizio,Camocke,Patrizio.Camocke@example.com,Male,31,106000.00,Nurse Practicioner
780,Carlita,Mc Caughan,Carlita.Mc.Caughan@example.com,Female,72,106000.00,Registered Nurse
781,Thatch,Gurery,Thatch.Gurery@example.com,Male,72,61000.00,GIS Technical Architect
782,Gayleen,Butler-Bowdon,Gayleen.Butler-Bowdon@example.com,Female,36,121000.00,Pharmacist
783,Aeriel,Cleghorn,Aeriel.Cleghorn@example.com,Female,55,55000.00,Human Resources Manager
784,Lizbeth,Bedrosian,Lizbeth.Bedrosian@example.com,Female,57,58000.00,Human Resources Manager
785,Helenka,Donaghy,Helenka.Donaghy@example.com,Female,48,77000.00,Financial Advisor
786,Nicol,Evanson,Nicol.Evanson@example.com,Female,68,91000.00,Assistant Professor
787,Emery,Plastow,Emery.Plastow@example.com,Male,38,114000.00,Senior Financial Analyst
788,Leah,Fotheringham,Leah.Fotheringham@example.com,Female,27,55000.00,Computer Systems Analyst IV
789,Sheila-kathryn,Greguol,Sheila-kathryn.Greguol@example.com,Female,72,115000.00,Senior Cost Accountant
790,Lorine,Hapke,Lorine.Hapke@example.com,Female,22,87000.00,Analyst Programmer
791,Yevette,Heisman,Yevette.Heisman@example.com,Female,60,88000.00,Community Outreach Specialist
792,Jacynth,Summerell,Jacynth.Summerell@example.com,Female,59,53000.00,Research Nurse
793,Meghan,MacGee,Meghan.MacGee@example.com,Female,50,101000.00,Help Desk Operator
794,Renata,Andreotti,Renata.Andreotti@example.com,Female,28,61000.00,Safety Technician II
795,Hinze,Asty,Hinze.Asty@example.com,Male,21,120000.00,Senior Financial Analyst
796,Rab,Minthorpe,Rab.Minthorpe@example.com,Male,44,95000.00,Developer II
797,Mariele,Dicky,Mariele.Dicky@example.com,Female,41,123000.00,Computer Systems Analyst IV
798,Deny,McIlwraith,Deny.McIlwraith@example.com,Female,67,106000.00,Chief Design Engineer
799,Donetta,Tippett,Donetta.Tippett@example.com,Female,50,111000.00,Legal Assistant
800,Jaclin,Dearle,Jaclin.Dearle@example.com,Female,69,66000.00,Account Representative I
801,Bartel,Matei,Bartel.Matei@example.com,Male,32,57000.00,Media Manager I
802,Martica,Edgerly,Martica.Edgerly@example.com,Female,20,64000.00,Senior Editor
803,Nicola,Oganian,Nicola.Oganian@example.com,Female,70,86000.00,Senior Sales Associate
804,Giacinta,Gerald,Giacinta.Gerald@example.com,Female,28,68000.00,Professor
805,Ellsworth,Utley,Ellsworth.Utley@example.com,Male,50,50000.00,Financial Advisor
806,Harrie,Fenimore,Harrie.Fenimore@example.com,Female,75,65000.00,VP Sales
807,Dorolice,Flacknell,Dorolice.Flacknell@example.com,Female,65,120000.00,VP Accounting
808,Lora,Cornwell,Lora.Cornwell@example.com,Female,62,67000.00,Internal Auditor
809,Gil,Jess,Gil.Jess@example.com,Male,28,37000.00,Internal Auditor
810,Vernon,Ghidetti,Vernon.Ghidetti@example.com,Male,46,38000.00,Software Consultant
811,Horatius,Tabart,Horatius.Tabart@example.com,Male,67,88000.00,Automation Specialist II
812,Sheffield,Shearston,Sheffield.Shearston@example.com,Male,40,90000.00,Junior Executive
813,Jeanine,Joost,Jeanine.Joost@example.com,Female,50,69000.00,Recruiting Manager
814,Dorian,McKern,Dorian.McKern@example.com,Female,36,61000.00,Quality Engineer
815,Rhys,Hatwell,Rhys.Hatwell@example.com,Male,31,96000.00,General Manager
816,Emmanuel,Orable,Emmanuel.Orable@example.com,Male,58,104000.00,Compensation Analyst
817,Kriste,Spratley,Kriste.Spratley@example.com,Female,74,74000.00,Project Manager
818,Herb,Batisse,Herb.Batisse@example.com,Male,27,63000.00,Account Executive
819,Olenka,Lorenzin,Olenka.Lorenzin@example.com,Female,53,81000.00,Geologist III
820,Veradis,Bertomieu,Veradis.Bertomieu@example.com,Female,31,56000.00,Civil Engineer
821,Cristiano,Checchi,Cristiano.Checchi@example.com,Male,51,107000.00,Senior Cost Accountant
822,Alfreda,Caville,Alfreda.Caville@example.com,Female,58,105000.00,Clinical Specialist
823,Sancho,Westcarr,Sancho.Westcarr@example.com,Male,34,120000.00,Sales Associate
824,Merilee,Bodicum,Merilee.Bodicum@example.com,Female,20,39000.00,Physical Therapy Assistant
825,Luce,Bailey,Luce.Bailey@example.com,Male,62,39000.00,Software Consultant
826,Martie,Henke,Martie.Henke@example.com,Female,54,120000.00,Web Developer II
827,Janot,Raoult,Janot.Raoult@example.com,Female,34,88000.00,Systems Administrator II
828,Hart,Yitzhakof,Hart.Yitzhakof@example.com,Male,41,72000.00,Research Assistant II
829,Barnaby,Wright,Barnaby.Wright@example.com,Male,55,70000.00,VP Sales
830,Gabie,Caramuscia,Gabie.Caramuscia@example.com,Female,56,44000.00,Chemical Engineer
831,Brooke,Saenz,Brooke.Saenz@example.com,Male,37,84000.00,Account Coordinator
832,Caressa,Hesey,Caressa.Hesey@example.com,Female,34,114000.00,Senior Sales Associate
833,Carlita,Cressey,Carlita.Cressey@example.com,Female,67,78000.00,Senior Editor
834,Candace,Avramchik,Candace.Avramchik@example.com,Female,62,101000.00,Design Engineer
835,Ellen,Dunridge,Ellen.Dunridge@example.com,Female,25,69000.00,Software Test Engineer I
836,Marcello,Feely,Marcello.Feely@example.com,Male,52,64000.00,Staff Accountant I
837,Ermanno,Aslin,Ermanno.Aslin@example.com,Male,66,86000.00,Paralegal
838,Dorie,Kinner,Dorie.Kinner@example.com,Female,25,119000.00,Programmer III
839,Jean,Paulazzi,Jean.Paulazzi@example.com,Female,42,39000.00,Quality Control Specialist
840,Ilene,Batten,Ilene.Batten@example.com,Female,57,118000.00,Internal Auditor
841,Dorian,Dautry,Dorian.Dautry@example.com,Female,22,121000.00,Nuclear Power Engineer
842,Nell,Havenhand,Nell.Havenhand@example.com,Female,22,101000.00,Recruiting Manager
843,Bidget,Hughlin,Bidget.Hughlin@example.com,Female,50,102000.00,Nuclear Power Engineer
844,Joaquin,Cleevely,Joaquin.Cleevely@example.com,Male,30,93000.00,Marketing Manager
845,Burnard,Geillier,Burnard.Geillier@example.com,Male,44,79000.00,Assistant Professor
846,Rosalynd,Dakhov,Rosalynd.Dakhov@example.com,Female,30,53000.00,Senior Cost Accountant
847,Gertrudis,Keilty,Gertrudis.Keilty@example.com,Female,34,59000.00,Statistician I
848,Herc,Witul,Herc.Witul@example.com,Male,63,63000.00,Senior Financial Analyst
849,Tersina,Huard,Tersina.Huard@example.com,Female,55,89000.00,Electrical Engineer
850,Whitney,Petrakov,Whitney.Petrakov@example.com,Female,53,56000.00,Chemical Engineer
851,Somerset,Lyster,Somerset.Lyster@example.com,Male,49,85000.00,Help Desk Operator
852,Joan,Glacken,Joan.Glacken@example.com,Female,33,48000.00,Executive Secretary
853,Dur,Stabbins,Dur.Stabbins@example.com,Male,32,39000.00,Nurse Practicioner
854,Gabby,Balsdon,Gabby.Balsdon@example.com,Male,44,98000.00,Tax Accountant
855,Elwood,Covotto,Elwood.Covotto@example.com,Male,35,121000.00,GIS Technical Architect
856,Denys,Naisby,Denys.Naisby@example.com,Female,24,95000.00,Physical Therapy Assistant
857,Shani,Voden,Shani.Voden@example.com,Female,26,36000.00,Actuary
858,Alleyn,Straneo,Alleyn.Straneo@example.com,Male,28,92000.00,Account Executive
859,Billy,Somes,Billy.Somes@example.com,Female,19,37000.00,Occupational Therapist
860,Reed,Grattan,Reed.Grattan@example.com,Male,24,108000.00,Mechanical Systems Engineer
861,Sioux,Vercruysse,Sioux.Vercruysse@example.com,Female,34,53000.00,Librarian
862,Aaron,Liddiard,Aaron.Liddiard@example.com,Male,29,56000.00,General Manager
863,Albina,Trembey,Albina.Trembey@example.com,Female,53,100000.00,Community Outreach Specialist
864,Dalli,Sibbering,Dalli.Sibbering@example.com,Male,46,74000.00,Geological Engineer
865,Marieann,Kille,Marieann.Kille@example.com,Female,58,77000.00,Automation Specialist I
866,Jerrilyn,Sapena,Jerrilyn.Sapena@example.com,Female,55,88000.00,Safety Technician I
867,Hakeem,Hennington,Hakeem.Hennington@example.com,Male,21,97000.00,Clinical Specialist
868,Ebba,Rolfi,Ebba.Rolfi@example.com,Female,73,88000.00,Nurse
869,Elmer,Moffett,Elmer.Moffett@example.com,Male,67,103000.00,Automation Specialist III
870,Rudolfo,Mayer,Rudolfo.Mayer@example.com,Male,47,55000.00,VP Quality Control
871,Curran,de Castelain,Curran.de.Castelain@example.com,Male,74,39000.00,VP Product Management
872,Sadie,Stebbing,Sadie.Stebbing@example.com,Female,31,72000.00,Assistant Media Planner
873,Tawsha,Oland,Tawsha.Oland@example.com,Female,35,62000.00,Research Assistant I
874,Caprice,Siddell,Caprice.Siddell@example.com,Female,23,74000.00,Chief Design Engineer
875,Darren,Tippett,Darren.Tippett@example.com,Male,75,81000.00,Research Associate
876,Sonny,Maestro,Sonny.Maestro@example.com,Male,57,53000.00,Community Outreach Specialist
877,Duffy,Power,Duffy.Power@example.com,Male,73,105000.00,Research Assistant I
878,Jon,Siebert,Jon.Siebert@example.com,Male,65,39000.00,Senior Editor
879,Barnie,Frowing,Barnie.Frowing@example.com,Male,35,95000.00,Electrical Engineer
880,Etan,Yesipov,Etan.Yesipov@example.com,Male,61,88000.00,Legal Assistant
881,Dimitry,Pietruszewicz,Dimitry.Pietruszewicz@example.com,Male,51,43000.00,Operator
882,Myron,Nelmes,Myron.Nelmes@example.com,Male,27,47000.00,Structural Analysis Engineer
883,Elayne,Renne,Elayne.Renne@example.com,Female,71,68000.00,Administrative Assistant III
884,Buck,Bolsover,Buck.Bolsover@example.com,Male,65,72000.00,Internal Auditor
885,Janna,Boyet,Janna.Boyet@example.com,Female,68,72000.00,Geological Engineer
886,Patsy,Patty,Patsy.Patty@example.com,Male,22,101000.00,Information Systems Manager
887,Araldo,Tunnow,Araldo.Tunnow@example.com,Male,36,119000.00,Speech Pathologist
888,Maxwell,Dunridge,Maxwell.Dunridge@example.com,Male,25,38000.00,Sales Associate
889,Patsy,Koch,Patsy.Koch@example.com,Male,25,39000.00,Desktop Support Technician
890,Mariellen,Bewick,Mariellen.Bewick@example.com,Female,33,67000.00,Electrical Engineer
891,Kellen,Riping,Kellen.Riping@example.com,Female,32,49000.00,Account Coordinator
892,Annabela,Kindred,Annabela.Kindred@example.com,Female,35,113000.00,Staff Scientist
893,Porty,Beldham,Porty.Beldham@example.com,Male,63,39000.00,Compensation Analyst
894,Dimitri,Crichten,Dimitri.Crichten@example.com,Male,64,105000.00,Account Coordinator
895,Diane,Scading,Diane.Scading@example.com,Female,29,80000.00,Compensation Analyst
896,Orland,Hoult,Orland.Hoult@example.com,Male,70,77000.00,Senior Editor
897,Tam,Wilding,Tam.Wilding@example.com,Male,70,95000.00,Quality Control Specialist
898,Allin,Penhaleurack,Allin.Penhaleurack@example.com,Male,23,38000.00,Librarian
899,Joy,Gimlet,Joy.Gimlet@example.com,Female,23,82000.00,Payment Adjustment Coordinator
900,Livvie,Pride,Livvie.Pride@example.com,Female,19,69000.00,Internal Auditor
901,Nelson,Norvill,Nelson.Norvill@example.com,Male,60,80000.00,VP Accounting
902,Matias,Beeden,Matias.Beeden@example.com,Male,48,80000.00,Senior Developer
903,Shayne,Howcroft,Shayne.Howcroft@example.com,Female,49,51000.00,Professor
904,Ajay,Leaton,Ajay.Leaton@example.com,Female,48,47000.00,Programmer Analyst II
905,Ibrahim,Devote,Ibrahim.Devote@example.com,Male,59,51000.00,Computer Systems Analyst II
906,Tania,Ottewell,Tania.Ottewell@example.com,Female,30,117000.00,Account Representative II
907,Ninette,Piotrkowski,Ninette.Piotrkowski@example.com,Female,29,68000.00,Senior Financial Analyst
908,Cathlene,Teasdale,Cathlene.Teasdale@example.com,Female,31,116000.00,Financial Analyst
909,Goran,Duchatel,Goran.Duchatel@example.com,Male,58,76000.00,Computer Systems Analyst III
910,Kincaid,Rosenzveig,Kincaid.Rosenzveig@example.com,Male,26,125000.00,Nurse
911,Sammie,Northedge,Sammie.Northedge@example.com,Male,37,67000.00,Biostatistician I
912,Mattias,Olner,Mattias.Olner@example.com,Male,23,107000.00,Operator
913,Allyn,Pitbladdo,Allyn.Pitbladdo@example.com,Male,74,73000.00,Data Coordiator
914,Vilma,Knightly,Vilma.Knightly@example.com,Female,60,72000.00,Quality Engineer
915,Orion,Light,Orion.Light@example.com,Male,74,83000.00,Software Test Engineer II
916,Brice,Lightowler,Brice.Lightowler@example.com,Male,39,92000.00,Software Engineer II
917,Casper,Woodes,Casper.Woodes@example.com,Male,51,110000.00,Web Developer II
918,Natale,Wann,Natale.Wann@example.com,Male,34,48000.00,Biostatistician IV
919,Sibella,Lyons,Sibella.Lyons@example.com,Female,60,84000.00,Chemical Engineer
920,Gibby,Maddams,Gibby.Maddams@example.com,Male,73,97000.00,Executive Secretary
921,Obadiah,Pechold,Obadiah.Pechold@example.com,Male,70,120000.00,Electrical Engineer
922,Wini,Griffoen,Wini.Griffoen@example.com,Female,33,87000.00,Environmental Tech
923,Verge,Denington,Verge.Denington@example.com,Male,69,90000.00,Developer III
924,Berti,Renoden,Berti.Renoden@example.com,Male,68,104000.00,VP Accounting
925,Diego,Bischof,Diego.Bischof@example.com,Male,29,76000.00,Senior Financial Analyst
926,Wren,Shear,Wren.Shear@example.com,Female,21,72000.00,VP Sales
927,Egan,Larvor,Egan.Larvor@example.com,Male,45,58000.00,Research Associate
928,Adamo,Copper,Adamo.Copper@example.com,Male,38,115000.00,Engineer III
929,Arny,Snaddin,Arny.Snaddin@example.com,Male,23,112000.00,Actuary
930,Jakie,Herrero,Jakie.Herrero@example.com,Male,39,43000.00,Software Engineer I
931,Meryl,Harring,Meryl.Harring@example.com,Female,53,68000.00,Web Designer III
932,Sayres,Balsdon,Sayres.Balsdon@example.com,Male,74,55000.00,Mechanical Systems Engineer
933,Brok,Lambertz,Brok.Lambertz@example.com,Male,67,103000.00,Speech Pathologist
934,Sherye,Mioni,Sherye.Mioni@example.com,Female,66,64000.00,Database Administrator IV
935,Robers,Norris,Robers.Norris@example.com,Male,20,71000.00,Account Executive
936,Currie,Broadbear,Currie.Broadbear@example.com,Male,27,104000.00,Accountant II
937,Euell,Pawley,Euell.Pawley@example.com,Male,45,41000.00,Senior Editor
938,Merrick,Dubery,Merrick.Dubery@example.com,Male,70,111000.00,Geologist IV
939,Cassie,Lawland,Cassie.Lawland@example.com,Male,64,64000.00,Assistant Manager
940,Nickolaus,Rammell,Nickolaus.Rammell@example.com,Male,58,60000.00,Mechanical Systems Engineer
941,Corinna,Fallis,Corinna.Fallis@example.com,Female,60,62000.00,Product Engineer
942,Kathie,Hacksby,Kathie.Hacksby@example.com,Female,65,37000.00,General Manager
943,Raymond,Olver,Raymond.Olver@example.com,Male,60,115000.00,Database Administrator IV
944,Floris,Lissaman,Floris.Lissaman@example.com,Female,65,52000.00,General Manager
945,Elden,Arlott,Elden.Arlott@example.com,Male,52,68000.00,Health Coach I
946,Randal,Erskine,Randal.Erskine@example.com,Male,67,53000.00,Product Engineer
947,Vittoria,Scholling,Vittoria.Scholling@example.com,Female,68,104000.00,Marketing Manager
948,Clarance,Brooke,Clarance.Brooke@example.com,Male,23,86000.00,Operator
949,Lek,Jeram,Lek.Jeram@example.com,Male,47,107000.00,Professor
950,Jasmina,Saffon,Jasmina.Saffon@example.com,Female,63,50000.00,VP Accounting
951,Gregorius,Riggulsford,Gregorius.Riggulsford@example.com,Male,63,71000.00,Legal Assistant
952,Emmery,Farraway,Emmery.Farraway@example.com,Male,52,113000.00,Information Systems Manager
953,Leah,Lawrie,Leah.Lawrie@example.com,Female,25,43000.00,Technical Writer
954,Rutledge,Martinat,Rutledge.Martinat@example.com,Male,25,101000.00,Business Systems Development Analyst
955,Claus,Struis,Claus.Struis@example.com,Male,41,60000.00,Staff Scientist
956,Valeria,Beakes,Valeria.Beakes@example.com,Female,63,63000.00,Software Consultant
957,Brod,Yter,Brod.Yter@example.com,Male,57,82000.00,Environmental Specialist
958,Sofie,Shewry,Sofie.Shewry@example.com,Female,37,111000.00,Human Resources Assistant III
959,Bartlett,Scully,Bartlett.Scully@example.com,Male,39,119000.00,Occupational Therapist
960,Carlyle,Torrijos,Carlyle.Torrijos@example.com,Male,19,97000.00,Sales Representative
961,Corrie,Pawlick,Corrie.Pawlick@example.com,Male,70,77000.00,VP Accounting
962,Desi,Rulf,Desi.Rulf@example.com,Male,51,60000.00,Pharmacist
963,Geneva,Kidder,Geneva.Kidder@example.com,Female,39,51000.00,VP Sales
964,Bronny,Ottiwill,Bronny.Ottiwill@example.com,Male,67,124000.00,Financial Analyst
965,Gerti,Ivasechko,Gerti.Ivasechko@example.com,Female,43,35000.00,Assistant Media Planner
966,Loy,Reolfi,Loy.Reolfi@example.com,Male,34,47000.00,Graphic Designer
967,Else,Laminman,Else.Laminman@example.com,Female,68,38000.00,Media Manager IV
968,Avigdor,Vial,Avigdor.Vial@example.com,Male,54,38000.00,Accounting Assistant I
969,Lukas,Poupard,Lukas.Poupard@example.com,Male,42,59000.00,Paralegal
970,Corabella,Duberry,Corabella.Duberry@example.com,Female,42,95000.00,Operator
971,Mervin,Posse,Mervin.Posse@example.com,Male,46,119000.00,Cost Accountant
972,Loralie,Peaurt,Loralie.Peaurt@example.com,Female,46,110000.00,Compensation Analyst
973,Job,Valentine,Job.Valentine@example.com,Male,51,100000.00,Quality Control Specialist
974,Artur,Ferrant,Artur.Ferrant@example.com,Male,59,82000.00,Nurse Practicioner
975,Kermie,Helian,Kermie.Helian@example.com,Male,75,92000.00,Account Representative III
976,Erich,Joska,Erich.Joska@example.com,Male,39,88000.00,Staff Scientist
977,Delores,Meredyth,Delores.Meredyth@example.com,Female,47,122000.00,Senior Quality Engineer
978,Lowrance,Bouchard,Lowrance.Bouchard@example.com,Male,30,115000.00,Accountant III
979,Harrietta,Ranscomb,Harrietta.Ranscomb@example.com,Female,27,49000.00,Project Manager
980,Reynard,Piet,Reynard.Piet@example.com,Male,64,95000.00,Media Manager I
981,Sharron,Grigoriev,Sharron.Grigoriev@example.com,Female,19,42000.00,Executive Secretary
982,Vincents,Gwinnel,Vincents.Gwinnel@example.com,Male,71,104000.00,Civil Engineer
983,Konstantine,Blakemore,Konstantine.Blakemore@example.com,Male,68,98000.00,Recruiting Manager
984,Shamus,Kippax,Shamus.Kippax@example.com,Male,68,52000.00,Sales Associate
985,Sammy,Emmert,Sammy.Emmert@example.com,Female,50,75000.00,Technical Writer
986,Janek,Sander,Janek.Sander@example.com,Male,53,35000.00,Actuary
987,Teddy,Micco,Teddy.Micco@example.com,Female,33,46000.00,Administrative Assistant IV
988,Bambi,Cardus,Bambi.Cardus@example.com,Female,26,94000.00,Civil Engineer
989,Leslie,Amott,Leslie.Amott@example.com,Female,74,78000.00,Environmental Tech
990,Jacobo,Cockrell,Jacobo.Cockrell@example.com,Male,72,41000.00,Human Resources Assistant IV
991,Mil,Lamers,Mil.Lamers@example.com,Female,38,44000.00,Assistant Manager
992,Odele,Bunyan,Odele.Bunyan@example.com,Female,59,76000.00,Registered Nurse
993,Nikolas,Scothorn,Nikolas.Scothorn@example.com,Male,23,68000.00,Chief Design Engineer
994,Freddy,Perigeaux,Freddy.Perigeaux@example.com,Male,54,102000.00,Health Coach IV
995,Danni,Joseland,Danni.Joseland@example.com,Female,75,67000.00,Senior Sales Associate
996,Marketa,Janssens,Marketa.Janssens@example.com,Female,75,114000.00,Staff Scientist
997,Ellary,Di Maria,Ellary.Di.Maria@example.com,Male,65,85000.00,Accounting Assistant II
998,Irene,Sarfass,Irene.Sarfass@example.com,Female,60,60000.00,Web Developer III
999,Modesta,Deverille,Modesta.Deverille@example.com,Female,43,103000.00,Chief Design Engineer
1000,Karalee,Morley,Karalee.Morley@example.com,Female,47,73000.00,Assistant Media Planner
